0.349845528602600097656250000000
0.230999305844306945800781250000
0.143770247697830200195312500000
0.024645071476697921752929687500
0.017233273014426231384277343750
0.342706918716430664062500000000
0.112013116478919982910156250000
0.105772718787193298339843750000
0.506011188030242919921875000000
0.344310283660888671875000000000
0.133939996361732482910156250000
0.096111983060836791992187500000
0.338402330875396728515625000000
1.164621949195861816406250000000
1.263925790786743164062500000000
0.898668050765991210937500000000
0.143309071660041809082031250000
0.495462775230407714843750000000
0.077032059431076049804687500000
0.371723353862762451171875000000
0.475389927625656127929687500000
0.840056240558624267578125000000
0.138246834278106689453125000000
0.078761726617813110351562500000
0.090132221579551696777343750000
0.358177542686462402343750000000
0.292230010032653808593750000000
0.785810232162475585937500000000
0.183599025011062622070312500000
0.331142812967300415039062500000
0.054954819381237030029296875000
0.110850632190704345703125000000
0.196532964706420898437500000000
0.503348827362060546875000000000
0.902016043663024902343750000000
1.282201647758483886718750000000
3.047187566757202148437500000000
1.148232340812683105468750000000
0.259523242712020874023437500000
0.023144328966736793518066406250
0.672409176826477050781250000000
1.709134459495544433593750000000
0.673937320709228515625000000000
0.917296707630157470703125000000
1.160310745239257812500000000000
0.917900621891021728515625000000
1.005362987518310546875000000000
0.179277479648590087890625000000
2.547205209732055664062500000000
1.118276596069335937500000000000
0.457265585660934448242187500000
0.823737382888793945312500000000
0.518207252025604248046875000000
3.460711002349853515625000000000
0.836155235767364501953125000000
1.058331727981567382812500000000
0.718072652816772460937500000000
0.150034621357917785644531250000
2.419289588928222656250000000000
0.233952209353446960449218750000
0.086834043264389038085937500000
0.136521682143211364746093750000
0.085561752319335937500000000000
1.197625637054443359375000000000
0.570953190326690673828125000000
0.134925171732902526855468750000
0.495297223329544067382812500000
0.454909920692443847656250000000
0.076105371117591857910156250000
0.223358333110809326171875000000
0.000949919747654348611831665039
0.094623066484928131103515625000
0.115121513605117797851562500000
0.008343935012817382812500000000
0.659069716930389404296875000000
0.103431873023509979248046875000
0.328053146600723266601562500000
0.737510502338409423828125000000
0.299734026193618774414062500000
0.484339505434036254882812500000
0.727262735366821289062500000000
0.186460569500923156738281250000
0.045062877237796783447265625000
0.339510589838027954101562500000
1.379212141036987304687500000000
0.535785853862762451171875000000
0.239938482642173767089843750000
0.462190866470336914062500000000
0.030155308544635772705078125000
0.326520055532455444335937500000
0.324153870344161987304687500000
0.031061584129929542541503906250
0.059503059834241867065429687500
0.153202936053276062011718750000
1.009601473808288574218750000000
0.113307930529117584228515625000
0.993827283382415771484375000000
1.592510342597961425781250000000
1.164718866348266601562500000000
0.115483194589614868164062500000
0.179820030927658081054687500000
0.271834254264831542968750000000
0.205766662955284118652343750000
1.714703798294067382812500000000
0.481652706861495971679687500000
0.158349663019180297851562500000
0.036004960536956787109375000000
1.278855919837951660156250000000
0.217890277504920959472656250000
0.121139526367187500000000000000
0.512760162353515625000000000000
0.016995402052998542785644531250
0.419462174177169799804687500000
0.600509703159332275390625000000
0.173002466559410095214843750000
0.947008728981018066406250000000
0.033943582326173782348632812500
2.165956735610961914062500000000
0.404093325138092041015625000000
0.664579212665557861328125000000
0.716278016567230224609375000000
0.125688970088958740234375000000
0.489900201559066772460937500000
1.025721430778503417968750000000
0.663096427917480468750000000000
0.390147626399993896484375000000
0.328152656555175781250000000000
1.051307797431945800781250000000
0.212036550045013427734375000000
0.118634499609470367431640625000
0.461690455675125122070312500000
0.348975509405136108398437500000
0.917477667331695556640625000000
1.785617709159851074218750000000
0.648046791553497314453125000000
0.129481315612792968750000000000
1.295868992805480957031250000000
0.199086442589759826660156250000
1.303989887237548828125000000000
0.342140942811965942382812500000
0.027316290885210037231445312500
0.417689740657806396484375000000
0.649676263332366943359375000000
0.974050581455230712890625000000
1.109008550643920898437500000000
1.383558988571166992187500000000
0.062533959746360778808593750000
2.348574399948120117187500000000
1.445090293884277343750000000000
0.436828494071960449218750000000
1.322525620460510253906250000000
1.911690115928649902343750000000
0.479885071516036987304687500000
0.154501050710678100585937500000
0.301563590764999389648437500000
0.048228792846202850341796875000
1.283377051353454589843750000000
1.298685431480407714843750000000
0.255075305700302124023437500000
0.279466181993484497070312500000
0.216077193617820739746093750000
0.830731570720672607421875000000
0.729998230934143066406250000000
0.495374053716659545898437500000
1.093556880950927734375000000000
0.010916201397776603698730468750
1.330829739570617675781250000000
0.184954464435577392578125000000
1.613956689834594726562500000000
2.329689025878906250000000000000
0.167504817247390747070312500000
0.833982527256011962890625000000
0.935405552387237548828125000000
0.080616638064384460449218750000
0.451641619205474853515625000000
0.413800895214080810546875000000
0.175556957721710205078125000000
1.492186307907104492187500000000
0.041564092040061950683593750000
1.434275388717651367187500000000
0.945707380771636962890625000000
0.356107056140899658203125000000
0.109224304556846618652343750000
1.208573222160339355468750000000
0.831390738487243652343750000000
0.784465968608856201171875000000
0.817133367061614990234375000000
0.015792898833751678466796875000
1.014458656311035156250000000000
0.303813189268112182617187500000
0.160548388957977294921875000000
0.524480342864990234375000000000
0.049519509077072143554687500000
0.714938104152679443359375000000
0.021864712238311767578125000000
0.223198980093002319335937500000
0.010173475369811058044433593750
0.092496708035469055175781250000
0.805826008319854736328125000000
0.565224051475524902343750000000
0.291995942592620849609375000000
0.142537057399749755859375000000
0.336549490690231323242187500000
0.011561041697859764099121093750
1.368121743202209472656250000000
0.072104573249816894531250000000
0.773042976856231689453125000000
1.353528499603271484375000000000
0.846544504165649414062500000000
0.198302581906318664550781250000
0.015909403562545776367187500000
1.422974228858947753906250000000
0.441293746232986450195312500000
1.300418853759765625000000000000
0.273409277200698852539062500000
0.137791976332664489746093750000
0.170236274600028991699218750000
0.671265125274658203125000000000
0.725300550460815429687500000000
0.281636327505111694335937500000
1.299826145172119140625000000000
1.402288079261779785156250000000
0.084343746304512023925781250000
0.471182525157928466796875000000
1.227206587791442871093750000000
0.987259745597839355468750000000
0.906980156898498535156250000000
2.417692899703979492187500000000
0.181738421320915222167968750000
0.561109960079193115234375000000
0.261663854122161865234375000000
0.228896036744117736816406250000
0.152383103966712951660156250000
2.022898435592651367187500000000
1.343730688095092773437500000000
1.341444611549377441406250000000
0.443208456039428710937500000000
1.080266475677490234375000000000
0.143330857157707214355468750000
0.710912108421325683593750000000
0.283029764890670776367187500000
1.160458445549011230468750000000
0.532225310802459716796875000000
0.279667317867279052734375000000
0.105151593685150146484375000000
2.451271772384643554687500000000
0.961761772632598876953125000000
0.616507411003112792968750000000
0.591568708419799804687500000000
0.055036991834640502929687500000
0.198692232370376586914062500000
0.328285008668899536132812500000
0.853157401084899902343750000000
0.214492261409759521484375000000
1.369162797927856445312500000000
0.056526977568864822387695312500
0.192901238799095153808593750000
0.342294126749038696289062500000
0.214506924152374267578125000000
0.791977882385253906250000000000
0.367781430482864379882812500000
0.127890825271606445312500000000
0.472245067358016967773437500000
0.857672929763793945312500000000
1.025786757469177246093750000000
0.585343420505523681640625000000
0.739673137664794921875000000000
0.841529130935668945312500000000
0.633394658565521240234375000000
0.112109839916229248046875000000
0.204094201326370239257812500000
1.658265113830566406250000000000
0.180906593799591064453125000000
1.167139887809753417968750000000
0.403907984495162963867187500000
0.134085014462471008300781250000
1.544202446937561035156250000000
0.495453715324401855468750000000
1.582311987876892089843750000000
1.322094798088073730468750000000
0.045388419181108474731445312500
0.408587217330932617187500000000
0.103425204753875732421875000000
0.099708259105682373046875000000
1.193876862525939941406250000000
0.820090353488922119140625000000
0.019199628382921218872070312500
0.752243459224700927734375000000
2.139701128005981445312500000000
0.179968863725662231445312500000
1.403284072875976562500000000000
0.247253865003585815429687500000
0.457638233900070190429687500000
0.881066799163818359375000000000
0.421575248241424560546875000000
0.265700966119766235351562500000
0.403158843517303466796875000000
0.196953848004341125488281250000
0.361180633306503295898437500000
0.524106323719024658203125000000
1.667963385581970214843750000000
0.992925822734832763671875000000
0.485592484474182128906250000000
0.069499425590038299560546875000
1.094392895698547363281250000000
0.370715022087097167968750000000
0.004310266114771366119384765625
0.891179502010345458984375000000
0.769911885261535644531250000000
1.260457634925842285156250000000
1.525143146514892578125000000000
0.005606838501989841461181640625
0.077261127531528472900390625000
0.070293419063091278076171875000
0.563598275184631347656250000000
0.379841685295104980468750000000
0.553094089031219482421875000000
0.076700896024703979492187500000
1.416243910789489746093750000000
0.222303271293640136718750000000
0.515004515647888183593750000000
1.101025223731994628906250000000
0.441553592681884765625000000000
0.882772862911224365234375000000
0.051042523235082626342773437500
0.794542253017425537109375000000
0.705827116966247558593750000000
0.576726675033569335937500000000
0.377065598964691162109375000000
0.317280322313308715820312500000
0.285709440708160400390625000000
1.005709886550903320312500000000
0.866582989692687988281250000000
0.241396710276603698730468750000
0.892581343650817871093750000000
0.349005132913589477539062500000
1.280399560928344726562500000000
1.251377105712890625000000000000
1.168567419052124023437500000000
0.240692004561424255371093750000
0.037737991660833358764648437500
0.291230738162994384765625000000
0.385317534208297729492187500000
0.790107250213623046875000000000
0.742591023445129394531250000000
0.474515497684478759765625000000
1.265880107879638671875000000000
0.222602099180221557617187500000
3.589670181274414062500000000000
0.749547064304351806640625000000
0.089224182069301605224609375000
0.399850904941558837890625000000
0.825033247470855712890625000000
0.009457008913159370422363281250
0.907279133796691894531250000000
1.682831168174743652343750000000
0.344045221805572509765625000000
0.481617957353591918945312500000
1.760884881019592285156250000000
0.165281832218170166015625000000
0.003577570663765072822570800781
0.188024073839187622070312500000
0.211691156029701232910156250000
0.064564928412437438964843750000
0.239702075719833374023437500000
0.730760574340820312500000000000
0.994628727436065673828125000000
0.394890248775482177734375000000
0.132435828447341918945312500000
1.765820384025573730468750000000
0.106609165668487548828125000000
0.500455617904663085937500000000
0.087962925434112548828125000000
1.918613672256469726562500000000
3.269028425216674804687500000000
0.940768361091613769531250000000
0.406721174716949462890625000000
0.711045622825622558593750000000
0.153776511549949645996093750000
0.553337156772613525390625000000
0.152643308043479919433593750000
0.017221594229340553283691406250
0.119302675127983093261718750000
0.589967668056488037109375000000
0.264764070510864257812500000000
0.272884577512741088867187500000
0.288787871599197387695312500000
0.691484451293945312500000000000
0.853803038597106933593750000000
0.061721943318843841552734375000
0.262674063444137573242187500000
0.946455419063568115234375000000
0.308754771947860717773437500000
0.417274922132492065429687500000
1.390128135681152343750000000000
0.032058488577604293823242187500
0.314220279455184936523437500000
0.047969218343496322631835937500
0.230570673942565917968750000000
0.520251631736755371093750000000
1.273364067077636718750000000000
0.038261335343122482299804687500
0.188447609543800354003906250000
0.347748517990112304687500000000
0.207121685147285461425781250000
0.109095297753810882568359375000
0.972317397594451904296875000000
2.403095245361328125000000000000
0.408841937780380249023437500000
0.711767792701721191406250000000
0.267619907855987548828125000000
0.021758764982223510742187500000
0.143266826868057250976562500000
0.791553735733032226562500000000
0.520601272583007812500000000000
0.955098986625671386718750000000
0.503364980220794677734375000000
0.670710802078247070312500000000
0.409945935010910034179687500000
0.229969888925552368164062500000
0.001989728538319468498229980469
0.590501010417938232421875000000
0.598428785800933837890625000000
1.328269243240356445312500000000
0.930235803127288818359375000000
1.005710005760192871093750000000
2.149698495864868164062500000000
0.364704787731170654296875000000
0.609834432601928710937500000000
0.781072556972503662109375000000
0.070400439202785491943359375000
0.436708748340606689453125000000
0.623683989048004150390625000000
0.932056903839111328125000000000
0.296529412269592285156250000000
0.724562764167785644531250000000
0.009507411159574985504150390625
0.537509739398956298828125000000
2.717902898788452148437500000000
0.513002038002014160156250000000
0.022207066416740417480468750000
0.463895797729492187500000000000
0.497831523418426513671875000000
0.114070735871791839599609375000
0.705317914485931396484375000000
0.072447381913661956787109375000
3.437034606933593750000000000000
1.991486907005310058593750000000
0.525261819362640380859375000000
1.060613512992858886718750000000
0.739486694335937500000000000000
0.504165351390838623046875000000
0.341124445199966430664062500000
1.378704905509948730468750000000
0.755775868892669677734375000000
0.710374057292938232421875000000
0.102393291890621185302734375000
0.491100162267684936523437500000
0.304626345634460449218750000000
0.076333925127983093261718750000
0.125805631279945373535156250000
0.199393332004547119140625000000
1.613384246826171875000000000000
0.227077215909957885742187500000
0.465368509292602539062500000000
0.622645199298858642578125000000
0.307678937911987304687500000000
0.234115347266197204589843750000
0.697315096855163574218750000000
0.674172878265380859375000000000
0.217374294996261596679687500000
0.007470079697668552398681640625
0.170421585440635681152343750000
0.015577971003949642181396484375
0.629745543003082275390625000000
0.310777455568313598632812500000
0.310536026954650878906250000000
1.402522802352905273437500000000
0.446259349584579467773437500000
0.222155749797821044921875000000
0.085393726825714111328125000000
0.777083396911621093750000000000
0.265955120325088500976562500000
0.451242268085479736328125000000
1.007684707641601562500000000000
1.161976099014282226562500000000
0.108603693544864654541015625000
0.479120314121246337890625000000
0.232354775071144104003906250000
0.286219745874404907226562500000
0.189074516296386718750000000000
2.299295663833618164062500000000
0.423178195953369140625000000000
1.319473505020141601562500000000
0.131502494215965270996093750000
0.862098813056945800781250000000
0.899582445621490478515625000000
0.188311472535133361816406250000
1.145468592643737792968750000000
1.555094957351684570312500000000
0.573979794979095458984375000000
1.979955911636352539062500000000
0.038681268692016601562500000000
1.424514412879943847656250000000
0.534206271171569824218750000000
0.124527499079704284667968750000
0.514050602912902832031250000000
1.154274225234985351562500000000
0.426150768995285034179687500000
0.128909468650817871093750000000
0.245199456810951232910156250000
0.003406516276299953460693359375
1.830702424049377441406250000000
0.703949272632598876953125000000
0.079610854387283325195312500000
0.910289704799652099609375000000
0.675997793674468994140625000000
0.393497616052627563476562500000
0.870187997817993164062500000000
2.257786750793457031250000000000
0.280437767505645751953125000000
0.393555670976638793945312500000
0.022067839279770851135253906250
0.293441563844680786132812500000
0.309491395950317382812500000000
0.798974335193634033203125000000
0.723717510700225830078125000000
0.721082568168640136718750000000
0.583784699440002441406250000000
0.680528044700622558593750000000
0.369934201240539550781250000000
0.148097544908523559570312500000
0.008276073262095451354980468750
0.842265486717224121093750000000
0.105291999876499176025390625000
0.209927275776863098144531250000
0.717705011367797851562500000000
0.776499927043914794921875000000
0.874988794326782226562500000000
0.341796904802322387695312500000
0.657381057739257812500000000000
0.127934396266937255859375000000
0.504717350006103515625000000000
0.739898145198822021484375000000
0.050203777849674224853515625000
0.147275328636169433593750000000
2.949024915695190429687500000000
0.346797049045562744140625000000
0.506756305694580078125000000000
0.499093055725097656250000000000
2.016756534576416015625000000000
0.161523342132568359375000000000
0.635032653808593750000000000000
0.277246206998825073242187500000
1.185440659523010253906250000000
0.803641200065612792968750000000
0.252217411994934082031250000000
0.137182131409645080566406250000
0.571574687957763671875000000000
1.420373916625976562500000000000
0.601010680198669433593750000000
0.404876261949539184570312500000
0.691104531288146972656250000000
0.153510630130767822265625000000
0.077081531286239624023437500000
0.905458927154541015625000000000
0.990782916545867919921875000000
0.905272543430328369140625000000
0.173151686787605285644531250000
0.335229575634002685546875000000
0.482871234416961669921875000000
0.601618587970733642578125000000
1.014740109443664550781250000000
2.190166711807250976562500000000
0.509936332702636718750000000000
0.897198081016540527343750000000
0.390983194112777709960937500000
0.229795768857002258300781250000
0.197943970561027526855468750000
0.132589623332023620605468750000
0.376308828592300415039062500000
0.469654679298400878906250000000
0.034235220402479171752929687500
0.152947664260864257812500000000
0.148582175374031066894531250000
0.174664437770843505859375000000
4.028241157531738281250000000000
0.291037678718566894531250000000
0.813128471374511718750000000000
0.232076779007911682128906250000
0.132260113954544067382812500000
0.058219470083713531494140625000
0.331033349037170410156250000000
1.359989166259765625000000000000
0.107424847781658172607421875000
0.704317212104797363281250000000
0.174450248479843139648437500000
0.562384128570556640625000000000
0.030239690095186233520507812500
0.390858620405197143554687500000
1.786218881607055664062500000000
1.225721478462219238281250000000
0.149729847908020019531250000000
0.136575043201446533203125000000
0.168167352676391601562500000000
0.391197651624679565429687500000
1.268394589424133300781250000000
1.515856862068176269531250000000
0.231162741780281066894531250000
1.476079106330871582031250000000
0.022978840395808219909667968750
0.216074600815773010253906250000
0.985849022865295410156250000000
0.220542624592781066894531250000
0.314024567604064941406250000000
0.198529690504074096679687500000
0.310521870851516723632812500000
3.082016944885253906250000000000
1.443801164627075195312500000000
1.168203830718994140625000000000
0.299799889326095581054687500000
1.414662957191467285156250000000
0.469358503818511962890625000000
0.818046987056732177734375000000
0.181557238101959228515625000000
0.275191098451614379882812500000
0.714786291122436523437500000000
0.766910016536712646484375000000
1.373063683509826660156250000000
0.094198681414127349853515625000
0.022500952705740928649902343750
0.633005380630493164062500000000
0.750339031219482421875000000000
0.295645892620086669921875000000
0.142266348004341125488281250000
0.698051571846008300781250000000
0.083273686468601226806640625000
0.377223193645477294921875000000
0.166496798396110534667968750000
0.685346722602844238281250000000
0.357497096061706542968750000000
0.117436848580837249755859375000
0.138756617903709411621093750000
0.330091446638107299804687500000
0.796466767787933349609375000000
0.189361721277236938476562500000
0.655609667301177978515625000000
0.533272683620452880859375000000
0.287047743797302246093750000000
1.219213604927062988281250000000
2.066942214965820312500000000000
0.591161906719207763671875000000
1.143846273422241210937500000000
0.121917493641376495361328125000
1.201139092445373535156250000000
0.177691265940666198730468750000
0.249637514352798461914062500000
0.105106025934219360351562500000
0.879449129104614257812500000000
0.157356545329093933105468750000
0.370670765638351440429687500000
0.448545455932617187500000000000
0.680225253105163574218750000000
0.004363436251878738403320312500
0.398684918880462646484375000000
1.880882859230041503906250000000
0.017237350344657897949218750000
0.867097020149230957031250000000
0.007427860517054796218872070312
1.947627305984497070312500000000
5.146181583404541015625000000000
0.682104289531707763671875000000
0.938441276550292968750000000000
0.982539772987365722656250000000
0.257987678050994873046875000000
0.100364826619625091552734375000
1.254459857940673828125000000000
0.709593057632446289062500000000
0.506686329841613769531250000000
1.174964427947998046875000000000
1.330568075180053710937500000000
2.137006759643554687500000000000
1.114511251449584960937500000000
0.930012941360473632812500000000
0.470944762229919433593750000000
0.923782467842102050781250000000
0.140530437231063842773437500000
1.002229213714599609375000000000
0.486001461744308471679687500000
0.104445524513721466064453125000
0.190345719456672668457031250000
0.537120342254638671875000000000
1.218690752983093261718750000000
0.976665079593658447265625000000
0.898445010185241699218750000000
1.223836541175842285156250000000
0.046838629990816116333007812500
0.930965483188629150390625000000
0.014455039985477924346923828125
0.557744383811950683593750000000
1.313526153564453125000000000000
0.123384453356266021728515625000
0.651870131492614746093750000000
0.132350027561187744140625000000
0.223525628447532653808593750000
1.012893319129943847656250000000
0.041266378015279769897460937500
0.828000187873840332031250000000
0.368405967950820922851562500000
0.298840194940567016601562500000
0.011974150314927101135253906250
1.251755952835083007812500000000
0.099534705281257629394531250000
0.612874507904052734375000000000
0.062474187463521957397460937500
0.622748315334320068359375000000
0.862139642238616943359375000000
0.112597145140171051025390625000
0.826345443725585937500000000000
0.187050238251686096191406250000
0.718945145606994628906250000000
0.192810818552970886230468750000
0.645508885383605957031250000000
0.363812923431396484375000000000
1.531428813934326171875000000000
1.065932273864746093750000000000
1.432747840881347656250000000000
0.500024139881134033203125000000
0.352014034986495971679687500000
0.046825829893350601196289062500
0.073216877877712249755859375000
0.518385887145996093750000000000
1.380874633789062500000000000000
0.065660409629344940185546875000
0.223026543855667114257812500000
0.173131346702575683593750000000
0.000248813157668337225914001465
0.655714571475982666015625000000
1.039138913154602050781250000000
0.081726320087909698486328125000
0.198099046945571899414062500000
0.087596401572227478027343750000
1.083732366561889648437500000000
0.569329082965850830078125000000
0.393925398588180541992187500000
0.221959754824638366699218750000
1.899028658866882324218750000000
0.163329318165779113769531250000
0.021506834775209426879882812500
0.081515476107597351074218750000
0.297429651021957397460937500000
0.040826093405485153198242187500
1.632208704948425292968750000000
0.508957445621490478515625000000
0.193980440497398376464843750000
3.246858835220336914062500000000
0.196620017290115356445312500000
1.013828277587890625000000000000
0.890724182128906250000000000000
0.581294834613800048828125000000
0.785918474197387695312500000000
0.834209501743316650390625000000
0.119308821856975555419921875000
0.570774614810943603515625000000
0.753445327281951904296875000000
0.531630039215087890625000000000
0.586398303508758544921875000000
0.041807685047388076782226562500
0.889269649982452392578125000000
0.713864982128143310546875000000
0.410730868577957153320312500000
0.822995007038116455078125000000
1.341535329818725585937500000000
0.262903541326522827148437500000
0.266148924827575683593750000000
0.385585576295852661132812500000
0.935463726520538330078125000000
0.291182994842529296875000000000
0.505159199237823486328125000000
1.379589676856994628906250000000
0.387736290693283081054687500000
1.144488215446472167968750000000
0.075548902153968811035156250000
0.219341352581977844238281250000
0.200670287013053894042968750000
0.217197418212890625000000000000
0.184945747256278991699218750000
1.552638411521911621093750000000
0.382213145494461059570312500000
0.054487850517034530639648437500
2.034461021423339843750000000000
0.416445791721343994140625000000
0.438306182622909545898437500000
0.122696660459041595458984375000
0.634237825870513916015625000000
0.577953636646270751953125000000
1.504342913627624511718750000000
0.160408496856689453125000000000
0.436299502849578857421875000000
0.327787607908248901367187500000
0.566499233245849609375000000000
0.163114815950393676757812500000
0.533753216266632080078125000000
1.161114096641540527343750000000
1.564076423645019531250000000000
0.452578514814376831054687500000
0.079796887934207916259765625000
0.935584604740142822265625000000
0.379736751317977905273437500000
0.212689593434333801269531250000
0.270447432994842529296875000000
0.231199577450752258300781250000
1.544003844261169433593750000000
0.159429758787155151367187500000
0.654374659061431884765625000000
0.186314225196838378906250000000
0.311176836490631103515625000000
0.343604892492294311523437500000
0.523651242256164550781250000000
1.584606409072875976562500000000
0.060973115265369415283203125000
0.645576298236846923828125000000
1.151079297065734863281250000000
0.204068571329116821289062500000
0.974510371685028076171875000000
0.537945151329040527343750000000
0.255910336971282958984375000000
0.157598689198493957519531250000
0.908008933067321777343750000000
0.154769256711006164550781250000
1.020216941833496093750000000000
0.137341946363449096679687500000
0.027652788907289505004882812500
0.269307851791381835937500000000
0.497027009725570678710937500000
0.200251340866088867187500000000
1.167401790618896484375000000000
0.217066958546638488769531250000
0.915524959564208984375000000000
0.187060624361038208007812500000
1.167096614837646484375000000000
0.858427286148071289062500000000
1.623514175415039062500000000000
0.017394959926605224609375000000
0.556402444839477539062500000000
2.173664808273315429687500000000
0.527177989482879638671875000000
0.049296032637357711791992187500
0.617885351181030273437500000000
1.312146663665771484375000000000
0.543125629425048828125000000000
0.087634742259979248046875000000
0.099115826189517974853515625000
0.142833933234214782714843750000
3.334650516510009765625000000000
0.534113526344299316406250000000
0.258453369140625000000000000000
0.244813740253448486328125000000
3.113533973693847656250000000000
0.233270853757858276367187500000
0.780881226062774658203125000000
0.263323962688446044921875000000
0.031373187899589538574218750000
1.681897163391113281250000000000
1.945097804069519042968750000000
0.576971471309661865234375000000
1.425222039222717285156250000000
0.063229642808437347412109375000
0.617746293544769287109375000000
0.083961568772792816162109375000
0.384841859340667724609375000000
0.492882132530212402343750000000
0.141853585839271545410156250000
0.807959377765655517578125000000
1.257981300354003906250000000000
0.099701441824436187744140625000
1.390685677528381347656250000000
0.357344925403594970703125000000
1.463649034500122070312500000000
1.220925569534301757812500000000
0.251554638147354125976562500000
0.053450759500265121459960937500
0.337126612663269042968750000000
0.480126053094863891601562500000
0.535602271556854248046875000000
0.386105448007583618164062500000
1.413440585136413574218750000000
0.613566279411315917968750000000
0.302941650152206420898437500000
0.363512933254241943359375000000
1.874331474304199218750000000000
0.579186260700225830078125000000
0.348113715648651123046875000000
0.699022829532623291015625000000
0.008842149749398231506347656250
0.864828765392303466796875000000
0.531173825263977050781250000000
0.675141334533691406250000000000
0.482446759939193725585937500000
0.251607924699783325195312500000
1.885452747344970703125000000000
0.741215705871582031250000000000
1.264908671379089355468750000000
0.019395098090171813964843750000
0.295311808586120605468750000000
0.036814842373132705688476562500
0.982726991176605224609375000000
0.680896878242492675781250000000
1.593945622444152832031250000000
0.168032050132751464843750000000
0.097885482013225555419921875000
0.950973451137542724609375000000
0.555536329746246337890625000000
0.492134600877761840820312500000
0.391426682472229003906250000000
0.200436770915985107421875000000
0.652441203594207763671875000000
2.416146516799926757812500000000
1.493815660476684570312500000000
0.372747957706451416015625000000
0.442701011896133422851562500000
0.212932422757148742675781250000
0.356695413589477539062500000000
0.227866470813751220703125000000
1.048137784004211425781250000000
0.567261159420013427734375000000
0.103587590157985687255859375000
0.281823217868804931640625000000
0.396739006042480468750000000000
0.359216451644897460937500000000
0.295950293540954589843750000000
0.266643285751342773437500000000
3.050437688827514648437500000000
0.190245121717453002929687500000
0.059441272169351577758789062500
0.065154328942298889160156250000
4.152046203613281250000000000000
0.191075831651687622070312500000
0.367503255605697631835937500000
1.633526325225830078125000000000
0.592275977134704589843750000000
0.087881162762641906738281250000
0.719572186470031738281250000000
0.799464106559753417968750000000
0.627438008785247802734375000000
1.063743591308593750000000000000
0.811509609222412109375000000000
0.011737514287233352661132812500
0.060917291790246963500976562500
0.372207432985305786132812500000
0.275695562362670898437500000000
0.704338550567626953125000000000
0.335574865341186523437500000000
0.201183035969734191894531250000
0.351013958454132080078125000000
0.035601172596216201782226562500
1.170007348060607910156250000000
0.053490512073040008544921875000
2.632831096649169921875000000000
0.225624844431877136230468750000
0.035522956401109695434570312500
2.637659788131713867187500000000
1.133569836616516113281250000000
0.268481522798538208007812500000
0.122302435338497161865234375000
0.134023487567901611328125000000
0.923924624919891357421875000000
0.145795062184333801269531250000
1.106850743293762207031250000000
0.481579154729843139648437500000
1.346606850624084472656250000000
0.002319053979590535163879394531
0.047355629503726959228515625000
0.433262586593627929687500000000
2.203629255294799804687500000000
0.676371693611145019531250000000
0.156770139932632446289062500000
0.220373496413230895996093750000
0.658654570579528808593750000000
0.361013323068618774414062500000
0.243051365017890930175781250000
0.234994143247604370117187500000
0.457005500793457031250000000000
0.254645437002182006835937500000
0.103124298155307769775390625000
0.030869316309690475463867187500
1.864608764648437500000000000000
0.621212720870971679687500000000
1.385755538940429687500000000000
0.347110569477081298828125000000
0.120179407298564910888671875000
0.444232940673828125000000000000
0.591501474380493164062500000000
0.647420108318328857421875000000
0.178061276674270629882812500000
0.515629589557647705078125000000
0.651493489742279052734375000000
0.026715595275163650512695312500
0.881977558135986328125000000000
0.850325465202331542968750000000
0.093835711479187011718750000000
2.256912708282470703125000000000
0.010239033028483390808105468750
0.151482149958610534667968750000
0.076405413448810577392578125000
0.201280862092971801757812500000
3.338644504547119140625000000000
0.232081159949302673339843750000
0.077742040157318115234375000000
0.240471005439758300781250000000
0.929649829864501953125000000000
1.550320744514465332031250000000
0.370755553245544433593750000000
0.719424605369567871093750000000
0.485396593809127807617187500000
0.016973514109849929809570312500
0.190106928348541259765625000000
2.569572448730468750000000000000
0.279817372560501098632812500000
0.685868322849273681640625000000
0.539694130420684814453125000000
0.575570464134216308593750000000
0.628014504909515380859375000000
1.555794000625610351562500000000
0.063817471265792846679687500000
0.249153763055801391601562500000
0.908244192600250244140625000000
0.725651979446411132812500000000
0.159805104136466979980468750000
0.100954234600067138671875000000
0.430725216865539550781250000000
0.355343908071517944335937500000
3.001315116882324218750000000000
0.900983631610870361328125000000
1.432622432708740234375000000000
0.190322652459144592285156250000
0.203926220536231994628906250000
0.253650188446044921875000000000
0.242870837450027465820312500000
0.143261328339576721191406250000
0.535211265087127685546875000000
0.179468274116516113281250000000
1.459716677665710449218750000000
0.778177499771118164062500000000
0.358201324939727783203125000000
1.836047410964965820312500000000
0.478072047233581542968750000000
0.485266000032424926757812500000
0.746463418006896972656250000000
0.902175068855285644531250000000
1.035568833351135253906250000000
0.437187463045120239257812500000
1.500471949577331542968750000000
0.266509264707565307617187500000
1.196171045303344726562500000000
1.019295334815979003906250000000
0.056553695350885391235351562500
0.273958057165145874023437500000
0.377965360879898071289062500000
0.041735824197530746459960937500
0.112451262772083282470703125000
1.239287614822387695312500000000
0.293255209922790527343750000000
0.406816840171813964843750000000
1.361249327659606933593750000000
1.724595546722412109375000000000
0.155260369181632995605468750000
0.323141604661941528320312500000
0.872871518135070800781250000000
0.477231532335281372070312500000
0.037315022200345993041992187500
1.192971706390380859375000000000
0.030420204624533653259277343750
1.815646290779113769531250000000
1.486199975013732910156250000000
0.321610242128372192382812500000
0.005801380611956119537353515625
1.357201337814331054687500000000
0.100022859871387481689453125000
0.092472910881042480468750000000
1.273047327995300292968750000000
0.098507151007652282714843750000
0.378168851137161254882812500000
0.448657602071762084960937500000
0.065055839717388153076171875000
0.700126826763153076171875000000
1.221657395362854003906250000000
1.527903914451599121093750000000
2.913251161575317382812500000000
0.059008415788412094116210937500
0.069345459342002868652343750000
0.050843808799982070922851562500
0.393230527639389038085937500000
0.076847754418849945068359375000
0.182021439075469970703125000000
1.530379652976989746093750000000
0.003280944190919399261474609375
0.125734880566596984863281250000
2.234409809112548828125000000000
0.226235494017601013183593750000
0.522432863712310791015625000000
0.764671444892883300781250000000
1.058563947677612304687500000000
0.472405731678009033203125000000
0.041572161018848419189453125000
0.294189482927322387695312500000
0.227173641324043273925781250000
0.451280295848846435546875000000
1.096032619476318359375000000000
0.474704176187515258789062500000
0.466923177242279052734375000000
0.027231579646468162536621093750
0.059572808444499969482421875000
0.036218870431184768676757812500
0.109149605035781860351562500000
0.111044466495513916015625000000
0.168417394161224365234375000000
2.064341545104980468750000000000
0.914728224277496337890625000000
0.231697902083396911621093750000
0.211929172277450561523437500000
0.248358607292175292968750000000
0.131783410906791687011718750000
0.300751447677612304687500000000
3.954672574996948242187500000000
0.800227999687194824218750000000
1.118570804595947265625000000000
0.219302043318748474121093750000
0.095776692032814025878906250000
0.175289317965507507324218750000
0.313958823680877685546875000000
0.284975051879882812500000000000
0.613456904888153076171875000000
0.864376842975616455078125000000
0.369349300861358642578125000000
0.216443672776222229003906250000
0.417156130075454711914062500000
0.731452405452728271484375000000
0.044006604701280593872070312500
0.716146051883697509765625000000
0.079934112727642059326171875000
0.308927923440933227539062500000
1.030861139297485351562500000000
0.381705194711685180664062500000
0.614538788795471191406250000000
1.159995675086975097656250000000
2.362231969833374023437500000000
0.532842576503753662109375000000
2.289330005645751953125000000000
0.184949055314064025878906250000
0.390363156795501708984375000000
0.039221946150064468383789062500
0.834975183010101318359375000000
0.109934613108634948730468750000
0.996001660823822021484375000000
0.558346629142761230468750000000
0.233857408165931701660156250000
0.001271586515940725803375244141
0.428804516792297363281250000000
0.089539177715778350830078125000
0.809597790241241455078125000000
0.290251642465591430664062500000
0.289062321186065673828125000000
0.136310368776321411132812500000
1.383534908294677734375000000000
1.916474461555480957031250000000
0.452471047639846801757812500000
1.058250427246093750000000000000
0.217461064457893371582031250000
0.185917273163795471191406250000
0.055354338139295578002929687500
2.283189773559570312500000000000
0.020696096122264862060546875000
0.471387505531311035156250000000
1.186966776847839355468750000000
0.391380906105041503906250000000
0.265029847621917724609375000000
0.197198137640953063964843750000
0.626742362976074218750000000000
0.245664030313491821289062500000
0.709875106811523437500000000000
0.267467856407165527343750000000
1.235472559928894042968750000000
0.153561875224113464355468750000
0.762717247009277343750000000000
0.766603708267211914062500000000
1.115082144737243652343750000000
0.061348009854555130004882812500
1.581885099411010742187500000000
0.039639148861169815063476562500
0.001923852949403226375579833984
2.823666810989379882812500000000
0.499864876270294189453125000000
0.400310844182968139648437500000
0.225161403417587280273437500000
0.286665171384811401367187500000
1.103547930717468261718750000000
0.811264872550964355468750000000
0.523909926414489746093750000000
0.655420124530792236328125000000
1.019991993904113769531250000000
1.278069257736206054687500000000
0.196497619152069091796875000000
0.309870392084121704101562500000
2.442992448806762695312500000000
0.055837448686361312866210937500
1.742389917373657226562500000000
0.229075461626052856445312500000
0.604372799396514892578125000000
1.103420972824096679687500000000
0.631665468215942382812500000000
1.858751416206359863281250000000
1.302023649215698242187500000000
0.586873710155487060546875000000
0.257853865623474121093750000000
0.234825193881988525390625000000
0.261248409748077392578125000000
0.813947439193725585937500000000
1.145947694778442382812500000000
1.092353463172912597656250000000
0.156282469630241394042968750000
0.370612442493438720703125000000
0.753182470798492431640625000000
1.625029563903808593750000000000
0.103266410529613494873046875000
0.341582268476486206054687500000
1.117124080657958984375000000000
1.489243745803833007812500000000
0.122813835740089416503906250000
0.135243669152259826660156250000
0.550614297389984130859375000000
0.950515091419219970703125000000
1.229968667030334472656250000000
0.473221302032470703125000000000
0.054745703935623168945312500000
0.374166011810302734375000000000
1.045894622802734375000000000000
0.082475140690803527832031250000
0.259228229522705078125000000000
0.504149556159973144531250000000
1.585665941238403320312500000000
0.835619032382965087890625000000
1.733624100685119628906250000000
0.727679967880249023437500000000
1.395934104919433593750000000000
0.596340298652648925781250000000
0.797866165637969970703125000000
1.029007673263549804687500000000
1.072922110557556152343750000000
0.072938665747642517089843750000
0.073620811104774475097656250000
1.164547801017761230468750000000
0.217189505696296691894531250000
0.020635250955820083618164062500
0.223163470625877380371093750000
0.205536618828773498535156250000
0.198311105370521545410156250000
0.454575538635253906250000000000
0.141357854008674621582031250000
0.633706986904144287109375000000
0.344125032424926757812500000000
0.303357094526290893554687500000
1.432891964912414550781250000000
0.647175192832946777343750000000
0.587905526161193847656250000000
1.247611761093139648437500000000
0.255937784910202026367187500000
1.030414581298828125000000000000
0.855914473533630371093750000000
1.509489297866821289062500000000
1.507793784141540527343750000000
1.931259989738464355468750000000
0.428950160741806030273437500000
3.138583183288574218750000000000
0.991200387477874755859375000000
0.384290099143981933593750000000
0.648730754852294921875000000000
0.282847404479980468750000000000
0.597905397415161132812500000000
0.389722019433975219726562500000
0.353082776069641113281250000000
0.175844982266426086425781250000
1.503751039505004882812500000000
0.264168322086334228515625000000
0.219555675983428955078125000000
0.733157217502593994140625000000
0.069064922630786895751953125000
0.103347212076187133789062500000
0.516095936298370361328125000000
1.534136295318603515625000000000
0.241607263684272766113281250000
1.467808961868286132812500000000
1.102577567100524902343750000000
0.225521460175514221191406250000
0.495070338249206542968750000000
0.228979811072349548339843750000
0.034882940351963043212890625000
0.848485469818115234375000000000
0.563625395298004150390625000000
1.222646951675415039062500000000
0.967078745365142822265625000000
1.667511343955993652343750000000
0.144573837518692016601562500000
0.173369169235229492187500000000
0.603647470474243164062500000000
0.307293117046356201171875000000
3.445538282394409179687500000000
0.190058425068855285644531250000
0.235208243131637573242187500000
0.039546262472867965698242187500
0.009778533130884170532226562500
0.271684020757675170898437500000
0.107582643628120422363281250000
0.761648654937744140625000000000
0.479995518922805786132812500000
2.335146427154541015625000000000
0.086044169962406158447265625000
0.397446841001510620117187500000
0.278105169534683227539062500000
0.554616212844848632812500000000
0.937132656574249267578125000000
0.003641817253082990646362304688
0.288859546184539794921875000000
0.308300137519836425781250000000
0.059260953217744827270507812500
0.650692939758300781250000000000
0.321930646896362304687500000000
1.901288509368896484375000000000
1.071413159370422363281250000000
0.577788352966308593750000000000
0.328143239021301269531250000000
0.214780062437057495117187500000
0.177335530519485473632812500000
0.580439090728759765625000000000
0.817579627037048339843750000000
0.092551782727241516113281250000
1.152640819549560546875000000000
0.532924056053161621093750000000
0.433650106191635131835937500000
1.046764373779296875000000000000
0.587279081344604492187500000000
1.033740401268005371093750000000
0.268990725278854370117187500000
2.519798994064331054687500000000
0.306304395198822021484375000000
0.249551802873611450195312500000
0.082046478986740112304687500000
0.501085102558135986328125000000
0.193189278244972229003906250000
0.155682444572448730468750000000
0.663890063762664794921875000000
0.334932208061218261718750000000
0.074804261326789855957031250000
0.875274479389190673828125000000
0.367182165384292602539062500000
0.647029340267181396484375000000
0.775404632091522216796875000000
0.778839588165283203125000000000
0.631574392318725585937500000000
1.385061502456665039062500000000
0.124540880322456359863281250000
0.693539917469024658203125000000
1.141968607902526855468750000000
0.632123947143554687500000000000
0.052349783480167388916015625000
0.174150690436363220214843750000
0.172835573554039001464843750000
0.001141028595156967639923095703
0.217262223362922668457031250000
0.206895709037780761718750000000
0.007961239665746688842773437500
2.886413335800170898437500000000
0.784443736076354980468750000000
0.129067569971084594726562500000
1.880920529365539550781250000000
0.294262856245040893554687500000
0.790353894233703613281250000000
0.210006177425384521484375000000
0.604304313659667968750000000000
0.176887571811676025390625000000
0.876055538654327392578125000000
1.637420058250427246093750000000
0.611409902572631835937500000000
0.845093250274658203125000000000
0.404625028371810913085937500000
0.648684620857238769531250000000
0.707905590534210205078125000000
0.432917594909667968750000000000
1.182485103607177734375000000000
0.037730716168880462646484375000
0.551709353923797607421875000000
0.847916960716247558593750000000
0.124499008059501647949218750000
0.111184589564800262451171875000
0.652060806751251220703125000000
1.424253821372985839843750000000
3.292520284652709960937500000000
0.764293253421783447265625000000
0.763893246650695800781250000000
0.383344948291778564453125000000
0.080518759787082672119140625000
0.087218172848224639892578125000
1.769531726837158203125000000000
0.661190450191497802734375000000
0.104291535913944244384765625000
2.095746517181396484375000000000
0.344005465507507324218750000000
1.824926257133483886718750000000
0.968286752700805664062500000000
1.075077891349792480468750000000
1.422609210014343261718750000000
0.571540296077728271484375000000
0.701140820980072021484375000000
0.644973814487457275390625000000
0.043819133192300796508789062500
0.074992753565311431884765625000
0.144404396414756774902343750000
0.202819421887397766113281250000
0.510583460330963134765625000000
0.038807313889265060424804687500
0.773508787155151367187500000000
0.156461849808692932128906250000
1.095291376113891601562500000000
0.986062943935394287109375000000
0.094990611076354980468750000000
0.061487026512622833251953125000
1.016494631767272949218750000000
0.981917142868041992187500000000
0.222862914204597473144531250000
1.890364050865173339843750000000
0.884408473968505859375000000000
1.111559867858886718750000000000
0.547573208808898925781250000000
0.355365931987762451171875000000
0.139479935169219970703125000000
0.463391393423080444335937500000
0.090052038431167602539062500000
0.402583360671997070312500000000
2.126843690872192382812500000000
0.007189230062067508697509765625
0.230292052030563354492187500000
0.196092218160629272460937500000
1.318910002708435058593750000000
1.300254464149475097656250000000
0.516649663448333740234375000000
0.537047445774078369140625000000
1.765721440315246582031250000000
1.005272388458251953125000000000
0.115708291530609130859375000000
1.357598185539245605468750000000
1.141128659248352050781250000000
0.063383162021636962890625000000
0.105542525649070739746093750000
0.066755793988704681396484375000
0.289557546377182006835937500000
0.356007546186447143554687500000
0.798722803592681884765625000000
0.164870962500572204589843750000
0.368235528469085693359375000000
0.433382421731948852539062500000
0.171075090765953063964843750000
0.261956840753555297851562500000
0.450513422489166259765625000000
0.472517997026443481445312500000
0.413351416587829589843750000000
0.135332718491554260253906250000
0.181190371513366699218750000000
0.059348233044147491455078125000
0.051310654729604721069335937500
1.030180931091308593750000000000
0.497628509998321533203125000000
0.727188408374786376953125000000
0.263538807630538940429687500000
0.710660398006439208984375000000
2.347727775573730468750000000000
0.563448131084442138671875000000
0.104647397994995117187500000000
0.010234349407255649566650390625
0.131828859448432922363281250000
3.192703485488891601562500000000
0.018206339329481124877929687500
0.044040173292160034179687500000
1.600876569747924804687500000000
1.331249952316284179687500000000
0.283990144729614257812500000000
0.184466257691383361816406250000
0.154192864894866943359375000000
1.203851103782653808593750000000
0.937914490699768066406250000000
0.324008166790008544921875000000
0.233494818210601806640625000000
2.183292150497436523437500000000
0.802735865116119384765625000000
0.262858152389526367187500000000
0.183244705200195312500000000000
2.101627349853515625000000000000
0.429308563470840454101562500000
0.207379892468452453613281250000
0.461812287569046020507812500000
0.745171368122100830078125000000
0.112650074064731597900390625000
1.763407588005065917968750000000
0.370390057563781738281250000000
2.615304231643676757812500000000
0.382956475019454956054687500000
0.723876833915710449218750000000
1.002919197082519531250000000000
1.006210327148437500000000000000
1.382915854454040527343750000000
0.208555504679679870605468750000
0.067266426980495452880859375000
1.035836219787597656250000000000
1.359389901161193847656250000000
1.411611080169677734375000000000
0.193282961845397949218750000000
0.812537252902984619140625000000
2.508390426635742187500000000000
0.177128300070762634277343750000
0.488759160041809082031250000000
2.169094562530517578125000000000
0.351657062768936157226562500000
0.847900629043579101562500000000
0.402262389659881591796875000000
1.791209578514099121093750000000
0.537896394729614257812500000000
0.222549960017204284667968750000
0.516225159168243408203125000000
0.148098409175872802734375000000
1.032711386680603027343750000000
0.431171923875808715820312500000
1.378536820411682128906250000000
0.700099229812622070312500000000
0.586533129215240478515625000000
0.605206608772277832031250000000
0.281802326440811157226562500000
0.183747589588165283203125000000
1.105319023132324218750000000000
0.474397271871566772460937500000
0.392797529697418212890625000000
0.468280166387557983398437500000
0.274215936660766601562500000000
0.500828683376312255859375000000
0.540267944335937500000000000000
0.095459133386611938476562500000
0.942789673805236816406250000000
1.381014466285705566406250000000
1.086916089057922363281250000000
0.001700059045106172561645507812
2.113077640533447265625000000000
0.156654939055442810058593750000
1.646813154220581054687500000000
0.630966544151306152343750000000
1.190374851226806640625000000000
0.024996053427457809448242187500
0.612952828407287597656250000000
0.298034638166427612304687500000
0.051120575517416000366210937500
1.339708805084228515625000000000
0.896629810333251953125000000000
0.084902428090572357177734375000
1.398569345474243164062500000000
1.911038994789123535156250000000
0.120129980146884918212890625000
0.314380586147308349609375000000
1.517484545707702636718750000000
0.070843458175659179687500000000
0.028916029259562492370605468750
0.037831794470548629760742187500
0.408542275428771972656250000000
0.140953242778778076171875000000
1.432746529579162597656250000000
1.309653639793395996093750000000
0.216150537133216857910156250000
0.288547068834304809570312500000
0.323941379785537719726562500000
0.026618506759405136108398437500
1.032770752906799316406250000000
0.587750732898712158203125000000
0.356941491365432739257812500000
0.077335044741630554199218750000
0.073468834161758422851562500000
0.386440753936767578125000000000
0.850796461105346679687500000000
0.447189182043075561523437500000
0.163298204541206359863281250000
0.437984347343444824218750000000
0.824832797050476074218750000000
0.214308843016624450683593750000
0.175330072641372680664062500000
0.092806190252304077148437500000
0.948013901710510253906250000000
0.750977218151092529296875000000
1.250400900840759277343750000000
0.026879150420427322387695312500
2.952059984207153320312500000000
0.793383240699768066406250000000
2.286442756652832031250000000000
0.145139142870903015136718750000
0.481121033430099487304687500000
0.533160209655761718750000000000
0.672653973102569580078125000000
1.004640221595764160156250000000
1.043705224990844726562500000000
0.252546906471252441406250000000
0.887959241867065429687500000000
0.007358483970165252685546875000
2.426986694335937500000000000000
0.119932711124420166015625000000
0.212624326348304748535156250000
0.062130454927682876586914062500
1.011351704597473144531250000000
0.971879303455352783203125000000
0.255300223827362060546875000000
0.803749799728393554687500000000
2.042951822280883789062500000000
0.187597885727882385253906250000
0.081872120499610900878906250000
0.188846394419670104980468750000
0.767438530921936035156250000000
2.482238054275512695312500000000
0.558382034301757812500000000000
1.261947512626647949218750000000
0.240660414099693298339843750000
0.550772070884704589843750000000
0.209663257002830505371093750000
0.243353620171546936035156250000
0.930374324321746826171875000000
0.634268045425415039062500000000
0.015888810157775878906250000000
0.537734210491180419921875000000
0.126220643520355224609375000000
0.354561656713485717773437500000
1.216433882713317871093750000000
0.451411902904510498046875000000
0.331799626350402832031250000000
1.059917449951171875000000000000
0.837087690830230712890625000000
0.523636281490325927734375000000
1.024295926094055175781250000000
0.420981615781784057617187500000
0.025040553882718086242675781250
0.384990006685256958007812500000
0.103154927492141723632812500000
0.927239537239074707031250000000
0.825945317745208740234375000000
0.325272053480148315429687500000
0.940208554267883300781250000000
0.535816192626953125000000000000
0.576317071914672851562500000000
0.246241465210914611816406250000
0.505793213844299316406250000000
0.628359973430633544921875000000
0.486970096826553344726562500000
0.877606332302093505859375000000
0.272126108407974243164062500000
2.014740705490112304687500000000
0.371209025382995605468750000000
0.264408826828002929687500000000
1.492944002151489257812500000000
0.536389827728271484375000000000
0.091060139238834381103515625000
0.473991990089416503906250000000
0.117171369493007659912109375000
0.087666310369968414306640625000
0.098185360431671142578125000000
1.916905999183654785156250000000
0.219304054975509643554687500000
0.387795031070709228515625000000
0.020552758127450942993164062500
0.579866468906402587890625000000
0.286374270915985107421875000000
0.883937776088714599609375000000
0.093623198568820953369140625000
0.592456817626953125000000000000
1.447990059852600097656250000000
2.515897035598754882812500000000
0.571443974971771240234375000000
0.212129876017570495605468750000
0.196171656250953674316406250000
0.162099540233612060546875000000
0.674291372299194335937500000000
0.372210502624511718750000000000
0.712097108364105224609375000000
1.382441878318786621093750000000
0.024944424629211425781250000000
0.099872648715972900390625000000
0.390158504247665405273437500000
0.015469655394554138183593750000
0.308593094348907470703125000000
0.124583683907985687255859375000
0.335522562265396118164062500000
0.680543422698974609375000000000
0.140752539038658142089843750000
0.646993517875671386718750000000
0.193536728620529174804687500000
0.623090684413909912109375000000
0.118163667619228363037109375000
0.788388967514038085937500000000
0.889110743999481201171875000000
0.597556769847869873046875000000
0.547362625598907470703125000000
0.161519110202789306640625000000
0.330974817276000976562500000000
0.848295152187347412109375000000
0.530388772487640380859375000000
0.218918725848197937011718750000
0.985798656940460205078125000000
0.234410658478736877441406250000
1.834180712699890136718750000000
0.248207911849021911621093750000
1.267621397972106933593750000000
0.835120618343353271484375000000
0.480581611394882202148437500000
0.247427985072135925292968750000
1.046526789665222167968750000000
0.455741673707962036132812500000
2.554893255233764648437500000000
0.905439376831054687500000000000
1.469938993453979492187500000000
0.267170608043670654296875000000
0.207705914974212646484375000000
0.297725945711135864257812500000
1.249672532081604003906250000000
0.161141395568847656250000000000
1.539363145828247070312500000000
1.398525714874267578125000000000
0.278498321771621704101562500000
1.557302355766296386718750000000
1.769016861915588378906250000000
0.083722040057182312011718750000
1.465853691101074218750000000000
0.269284874200820922851562500000
0.469847232103347778320312500000
0.281157821416854858398437500000
0.247291594743728637695312500000
0.463667064905166625976562500000
0.153630003333091735839843750000
1.098447918891906738281250000000
0.232592791318893432617187500000
0.846003472805023193359375000000
0.092545337975025177001953125000
0.371133893728256225585937500000
0.194739818572998046875000000000
0.407037585973739624023437500000
1.085809111595153808593750000000
0.387961566448211669921875000000
1.567832112312316894531250000000
0.008702407591044902801513671875
0.650500714778900146484375000000
0.187073871493339538574218750000
0.002120643388479948043823242188
0.478338688611984252929687500000
0.814381062984466552734375000000
0.691251993179321289062500000000
0.507284700870513916015625000000
0.908594846725463867187500000000
1.821879982948303222656250000000
0.027691910043358802795410156250
0.060641285032033920288085937500
0.092023022472858428955078125000
0.318847209215164184570312500000
0.034225296229124069213867187500
1.950895905494689941406250000000
0.106048956513404846191406250000
0.288054317235946655273437500000
0.946515023708343505859375000000
0.642716646194458007812500000000
0.284473836421966552734375000000
0.918071210384368896484375000000
0.008250745944678783416748046875
1.596487760543823242187500000000
2.673596143722534179687500000000
0.261315882205963134765625000000
0.775295913219451904296875000000
0.656441152095794677734375000000
0.532145082950592041015625000000
0.483353227376937866210937500000
2.339025735855102539062500000000
1.488675236701965332031250000000
1.156961321830749511718750000000
0.171964064240455627441406250000
0.068646408617496490478515625000
0.316432207822799682617187500000
0.522778570652008056640625000000
0.275262475013732910156250000000
0.789433121681213378906250000000
1.431194663047790527343750000000
0.918272137641906738281250000000
0.628155589103698730468750000000
0.043618720024824142456054687500
0.104721829295158386230468750000
0.065043106675148010253906250000
0.065416537225246429443359375000
1.244154214859008789062500000000
0.337097436189651489257812500000
1.691873073577880859375000000000
1.740364551544189453125000000000
1.374313354492187500000000000000
0.333569884300231933593750000000
0.127340242266654968261718750000
0.276386380195617675781250000000
0.143595650792121887207031250000
0.170163333415985107421875000000
1.899908423423767089843750000000
2.634191513061523437500000000000
0.026959119364619255065917968750
0.283105641603469848632812500000
0.378738611936569213867187500000
0.710965812206268310546875000000
0.052717085927724838256835937500
0.151136770844459533691406250000
0.557351887226104736328125000000
0.304967761039733886718750000000
1.222201824188232421875000000000
0.295279920101165771484375000000
0.860612452030181884765625000000
0.231373101472854614257812500000
0.541896224021911621093750000000
1.027529239654541015625000000000
0.586749076843261718750000000000
1.273046493530273437500000000000
0.405360758304595947265625000000
1.162086009979248046875000000000
0.767686605453491210937500000000
0.687187016010284423828125000000
0.022799927741289138793945312500
0.144396483898162841796875000000
0.030679034069180488586425781250
0.120545580983161926269531250000
0.581177532672882080078125000000
0.000630345894023776054382324219
0.441157937049865722656250000000
0.537753820419311523437500000000
0.190363615751266479492187500000
0.230504810810089111328125000000
0.873120307922363281250000000000
2.587488174438476562500000000000
0.406782865524291992187500000000
0.221559628844261169433593750000
1.566720485687255859375000000000
0.094463333487510681152343750000
0.770421862602233886718750000000
0.111065603792667388916015625000
0.009412944316864013671875000000
0.660409867763519287109375000000
0.315221071243286132812500000000
0.685406625270843505859375000000
0.012899323366582393646240234375
0.035532493144273757934570312500
2.072999954223632812500000000000
0.466238260269165039062500000000
0.695249855518341064453125000000
0.130056768655776977539062500000
1.495935916900634765625000000000
0.844747245311737060546875000000
1.278806805610656738281250000000
0.538972735404968261718750000000
0.389733135700225830078125000000
0.547724068164825439453125000000
0.191694796085357666015625000000
1.333930730819702148437500000000
0.466122955083847045898437500000
0.619748175144195556640625000000
0.276064306497573852539062500000
0.102715723216533660888671875000
0.299083411693572998046875000000
0.217787086963653564453125000000
0.888525605201721191406250000000
0.385426312685012817382812500000
0.062694050371646881103515625000
1.361651301383972167968750000000
0.902453422546386718750000000000
2.531677007675170898437500000000
0.286073774099349975585937500000
0.655164659023284912109375000000
0.931696653366088867187500000000
0.185085758566856384277343750000
0.182373002171516418457031250000
0.098714396357536315917968750000
1.540840387344360351562500000000
0.640307188034057617187500000000
0.328621506690979003906250000000
0.013293292373418807983398437500
0.274669677019119262695312500000
1.481015443801879882812500000000
0.599446535110473632812500000000
0.509541511535644531250000000000
1.571650266647338867187500000000
0.468521803617477416992187500000
0.051829084753990173339843750000
1.018287539482116699218750000000
0.329990983009338378906250000000
0.143487602472305297851562500000
0.511687457561492919921875000000
1.307878613471984863281250000000
0.519352674484252929687500000000
0.161673754453659057617187500000
0.214499071240425109863281250000
0.864872694015502929687500000000
0.592464148998260498046875000000
0.009691864252090454101562500000
0.239892125129699707031250000000
0.172216668725013732910156250000
1.403628826141357421875000000000
0.897072136402130126953125000000
0.568217039108276367187500000000
1.707759976387023925781250000000
0.613316655158996582031250000000
0.736264169216156005859375000000
1.304955720901489257812500000000
0.271141648292541503906250000000
0.140595570206642150878906250000
0.616833925247192382812500000000
0.353660434484481811523437500000
1.559554576873779296875000000000
0.002094244118779897689819335938
0.131940975785255432128906250000
0.152952983975410461425781250000
0.096058890223503112792968750000
0.435309320688247680664062500000
0.365751564502716064453125000000
0.510741651058197021484375000000
1.204929232597351074218750000000
0.215292438864707946777343750000
0.836968362331390380859375000000
1.518571376800537109375000000000
0.802575945854187011718750000000
0.316352367401123046875000000000
0.472748607397079467773437500000
2.101491451263427734375000000000
0.115964196622371673583984375000
0.387820541858673095703125000000
0.133649185299873352050781250000
0.505173742771148681640625000000
0.082774579524993896484375000000
0.295860648155212402343750000000
0.012905358336865901947021484375
0.789900660514831542968750000000
0.466194987297058105468750000000
1.125541448593139648437500000000
0.496928215026855468750000000000
0.082845881581306457519531250000
0.725128591060638427734375000000
0.602828621864318847656250000000
0.402131021022796630859375000000
0.053563892841339111328125000000
0.868590891361236572265625000000
0.408672064542770385742187500000
0.693148732185363769531250000000
0.118145056068897247314453125000
0.031153617426753044128417968750
0.096009686589241027832031250000
0.095103062689304351806640625000
0.060965865850448608398437500000
0.505980670452117919921875000000
0.599647581577301025390625000000
0.509692013263702392578125000000
2.418814420700073242187500000000
0.122327268123626708984375000000
0.570350408554077148437500000000
0.813018441200256347656250000000
0.097529277205467224121093750000
0.934325695037841796875000000000
0.898485839366912841796875000000
0.055809181183576583862304687500
0.223144441843032836914062500000
1.548611402511596679687500000000
2.404056787490844726562500000000
1.085331916809082031250000000000
0.572389721870422363281250000000
0.748990595340728759765625000000
0.675756573677062988281250000000
0.022918082773685455322265625000
0.530757606029510498046875000000
1.274448394775390625000000000000
0.637812316417694091796875000000
0.554563760757446289062500000000
1.156914234161376953125000000000
0.036720752716064453125000000000
0.614019334316253662109375000000
0.260741233825683593750000000000
0.331415146589279174804687500000
0.755918741226196289062500000000
1.387735247611999511718750000000
2.370977163314819335937500000000
0.707853436470031738281250000000
0.109633862972259521484375000000
1.678920865058898925781250000000
0.902981400489807128906250000000
0.091373711824417114257812500000
1.086255908012390136718750000000
0.851242363452911376953125000000
0.594604074954986572265625000000
2.003923654556274414062500000000
0.419512659311294555664062500000
0.569061756134033203125000000000
0.581084549427032470703125000000
0.922828435897827148437500000000
0.958232820034027099609375000000
0.648597896099090576171875000000
0.108230665326118469238281250000
0.518857717514038085937500000000
0.605924129486083984375000000000
0.427572846412658691406250000000
1.571573019027709960937500000000
1.239641070365905761718750000000
0.612832248210906982421875000000
0.344210147857666015625000000000
0.158727392554283142089843750000
0.485488593578338623046875000000
0.065054915845394134521484375000
1.656750679016113281250000000000
0.927263498306274414062500000000
0.455646395683288574218750000000
0.255093157291412353515625000000
0.032113004475831985473632812500
0.258959561586380004882812500000
0.334126025438308715820312500000
0.495388835668563842773437500000
1.606457710266113281250000000000
0.008019531145691871643066406250
0.261094063520431518554687500000
0.292715400457382202148437500000
0.303349524736404418945312500000
0.819121718406677246093750000000
1.099321961402893066406250000000
0.031183440238237380981445312500
0.117645189166069030761718750000
0.071086198091506958007812500000
1.074749112129211425781250000000
1.323065519332885742187500000000
2.319427728652954101562500000000
0.602600276470184326171875000000
0.097617842257022857666015625000
0.417092621326446533203125000000
0.121035933494567871093750000000
1.722124576568603515625000000000
0.023297678679227828979492187500
0.461816728115081787109375000000
0.307772368192672729492187500000
0.150367975234985351562500000000
0.386623978614807128906250000000
0.578013718128204345703125000000
0.494620144367218017578125000000
0.877023458480834960937500000000
0.665816485881805419921875000000
0.303723722696304321289062500000
0.035885114222764968872070312500
1.405847668647766113281250000000
0.579999506473541259765625000000
0.446502238512039184570312500000
0.185232684016227722167968750000
0.041320350021123886108398437500
0.343096882104873657226562500000
1.387591958045959472656250000000
0.055543623864650726318359375000
0.005293902009725570678710937500
0.044352393597364425659179687500
0.539658665657043457031250000000
0.882536828517913818359375000000
0.389744073152542114257812500000
0.160406455397605895996093750000
0.323389142751693725585937500000
0.144817829132080078125000000000
0.571122467517852783203125000000
0.335629314184188842773437500000
0.930518805980682373046875000000
1.211701989173889160156250000000
1.463261246681213378906250000000
0.173321276903152465820312500000
0.186161354184150695800781250000
1.182747006416320800781250000000
0.016252288594841957092285156250
0.430124849081039428710937500000
0.317137122154235839843750000000
0.466912716627120971679687500000
1.005415916442871093750000000000
0.371033072471618652343750000000
0.368523061275482177734375000000
0.387166291475296020507812500000
0.205457299947738647460937500000
0.627966880798339843750000000000
0.135095685720443725585937500000
0.203682854771614074707031250000
0.574500143527984619140625000000
0.438807904720306396484375000000
0.261948019266128540039062500000
1.482589125633239746093750000000
0.329842984676361083984375000000
0.703707873821258544921875000000
0.026672825217247009277343750000
0.196836292743682861328125000000
0.046448621898889541625976562500
0.673160731792449951171875000000
0.129142522811889648437500000000
0.138795375823974609375000000000
0.197916209697723388671875000000
0.498932361602783203125000000000
0.102267235517501831054687500000
0.437945127487182617187500000000
0.448433071374893188476562500000
0.157793685793876647949218750000
0.241092905402183532714843750000
0.190698653459548950195312500000
0.161730885505676269531250000000
0.858367681503295898437500000000
0.044717274606227874755859375000
0.659475326538085937500000000000
0.381771475076675415039062500000
0.170759141445159912109375000000
0.247462064027786254882812500000
0.101680546998977661132812500000
0.703506290912628173828125000000
0.016364246606826782226562500000
1.344868898391723632812500000000
1.031867623329162597656250000000
1.479312419891357421875000000000
0.908640146255493164062500000000
0.183115690946578979492187500000
0.818235993385314941406250000000
0.235730886459350585937500000000
1.803738832473754882812500000000
0.052411373704671859741210937500
0.301613807678222656250000000000
2.190369606018066406250000000000
2.190369606018066406250000000000
0.460749983787536621093750000000
0.672034561634063720703125000000
0.002781980438157916069030761719
1.433107376098632812500000000000
0.130581796169281005859375000000
0.139517232775688171386718750000
0.191060587763786315917968750000
0.115100942552089691162109375000
0.656481564044952392578125000000
0.089141353964805603027343750000
2.158677577972412109375000000000
1.109340071678161621093750000000
0.113149657845497131347656250000
0.194375291466712951660156250000
0.708113133907318115234375000000
0.857676863670349121093750000000
1.793352246284484863281250000000
0.927077829837799072265625000000
0.583805143833160400390625000000
1.889437079429626464843750000000
0.441734999418258666992187500000
2.140971899032592773437500000000
1.128106474876403808593750000000
1.172717213630676269531250000000
0.823815762996673583984375000000
0.603712201118469238281250000000
0.357097655534744262695312500000
0.543781757354736328125000000000
0.061716351658105850219726562500
0.187881097197532653808593750000
0.683568358421325683593750000000
1.826064467430114746093750000000
0.066452905535697937011718750000
0.077231258153915405273437500000
0.816347658634185791015625000000
0.335028320550918579101562500000
0.532298743724822998046875000000
0.209822013974189758300781250000
0.191878557205200195312500000000
0.000429584615631029009819030762
0.171288400888442993164062500000
0.451157301664352416992187500000
0.622863888740539550781250000000
0.223815962672233581542968750000
1.163511276245117187500000000000
0.041656583547592163085937500000
0.463191747665405273437500000000
0.388618350028991699218750000000
1.924347043037414550781250000000
1.104698896408081054687500000000
0.484101980924606323242187500000
0.414129167795181274414062500000
0.059477299451828002929687500000
0.300353705883026123046875000000
1.077126026153564453125000000000
0.710275232791900634765625000000
0.853343129158020019531250000000
1.374567389488220214843750000000
0.919241130352020263671875000000
0.266625791788101196289062500000
0.467724949121475219726562500000
0.492809653282165527343750000000
0.966624855995178222656250000000
0.809801578521728515625000000000
0.058458812534809112548828125000
0.204412281513214111328125000000
1.083905816078186035156250000000
0.986377596855163574218750000000
1.118257522583007812500000000000
1.137129902839660644531250000000
0.303957432508468627929687500000
0.791219234466552734375000000000
1.113492369651794433593750000000
0.467752873897552490234375000000
1.442892789840698242187500000000
2.078393936157226562500000000000
0.467553675174713134765625000000
1.220887422561645507812500000000
0.361705124378204345703125000000
2.074076652526855468750000000000
0.944274306297302246093750000000
0.171257451176643371582031250000
0.402700185775756835937500000000
0.343422144651412963867187500000
0.344655603170394897460937500000
0.294242024421691894531250000000
0.945178151130676269531250000000
0.062589794397354125976562500000
1.435146808624267578125000000000
0.076703608036041259765625000000
0.125940158963203430175781250000
1.636668324470520019531250000000
0.361959606409072875976562500000
2.055464267730712890625000000000
1.546283245086669921875000000000
0.181802749633789062500000000000
0.637412250041961669921875000000
0.335905402898788452148437500000
0.407497525215148925781250000000
1.005177140235900878906250000000
0.358732938766479492187500000000
1.428290963172912597656250000000
0.455576509237289428710937500000
0.667786180973052978515625000000
0.418363511562347412109375000000
0.058921057730913162231445312500
0.022605733945965766906738281250
0.957456469535827636718750000000
0.581098496913909912109375000000
0.670541822910308837890625000000
0.993547618389129638671875000000
0.247060954570770263671875000000
0.848102390766143798828125000000
0.117976404726505279541015625000
0.064584523439407348632812500000
0.319562703371047973632812500000
0.218105182051658630371093750000
0.663485825061798095703125000000
1.261346459388732910156250000000
0.268877089023590087890625000000
0.009320276789367198944091796875
0.155991494655609130859375000000
0.325030505657196044921875000000
0.235123813152313232421875000000
0.337133914232254028320312500000
2.031804561614990234375000000000
0.813779234886169433593750000000
1.364909410476684570312500000000
0.030534984543919563293457031250
0.896926701068878173828125000000
0.557023704051971435546875000000
1.152688741683959960937500000000
0.794321417808532714843750000000
0.051175359636545181274414062500
2.013373613357543945312500000000
0.291392534971237182617187500000
2.011551141738891601562500000000
0.756847143173217773437500000000
0.218197375535964965820312500000
0.359966576099395751953125000000
0.544453024864196777343750000000
0.388331621885299682617187500000
0.579458117485046386718750000000
0.131586939096450805664062500000
0.817497193813323974609375000000
0.049965750426054000854492187500
1.662601590156555175781250000000
0.046705421060323715209960937500
0.206742152571678161621093750000
1.024385452270507812500000000000
0.538540601730346679687500000000
1.276557087898254394531250000000
0.060906484723091125488281250000
0.044875044375658035278320312500
0.491735279560089111328125000000
0.055599242448806762695312500000
1.358954787254333496093750000000
0.516796410083770751953125000000
1.893446087837219238281250000000
0.492180019617080688476562500000
0.982267618179321289062500000000
1.690676927566528320312500000000
0.630215167999267578125000000000
0.689502477645874023437500000000
0.344847232103347778320312500000
0.105601206421852111816406250000
0.064682401716709136962890625000
0.655532062053680419921875000000
1.544643044471740722656250000000
0.589850425720214843750000000000
1.959352374076843261718750000000
0.354242950677871704101562500000
0.222198948264122009277343750000
0.425955593585968017578125000000
0.676808774471282958984375000000
1.958029627799987792968750000000
1.757158041000366210937500000000
0.219958901405334472656250000000
0.027208182960748672485351562500
0.805374324321746826171875000000
0.725604116916656494140625000000
0.055740285664796829223632812500
1.173923015594482421875000000000
1.167889714241027832031250000000
0.601776063442230224609375000000
0.116305723786354064941406250000
0.023666203022003173828125000000
0.484314590692520141601562500000
0.288539767265319824218750000000
0.708134710788726806640625000000
0.654672324657440185546875000000
0.577920079231262207031250000000
0.234848290681838989257812500000
0.294891387224197387695312500000
0.187999054789543151855468750000
0.869165778160095214843750000000
0.423890769481658935546875000000
0.086988866329193115234375000000
0.031356744468212127685546875000
0.518404662609100341796875000000
0.161577299237251281738281250000
0.711214005947113037109375000000
0.096175625920295715332031250000
0.703711509704589843750000000000
1.505615115165710449218750000000
0.661148965358734130859375000000
1.924353718757629394531250000000
0.211201548576354980468750000000
0.179097756743431091308593750000
0.248952776193618774414062500000
0.359096944332122802734375000000
1.141846895217895507812500000000
0.797011494636535644531250000000
0.284496515989303588867187500000
1.919298052787780761718750000000
0.765857398509979248046875000000
0.487149715423583984375000000000
0.251964718103408813476562500000
0.071190014481544494628906250000
0.287426948547363281250000000000
0.522154211997985839843750000000
0.359372675418853759765625000000
0.060092944651842117309570312500
0.369395077228546142578125000000
1.905959725379943847656250000000
1.782711744308471679687500000000
0.368925601243972778320312500000
0.456620067358016967773437500000
0.133104860782623291015625000000
0.465429365634918212890625000000
0.148744612932205200195312500000
0.447076797485351562500000000000
0.556685090065002441406250000000
0.170646443963050842285156250000
0.194517299532890319824218750000
0.021967411041259765625000000000
1.669047951698303222656250000000
1.891771912574768066406250000000
1.359178185462951660156250000000
0.087966948747634887695312500000
0.904248654842376708984375000000
0.442198544740676879882812500000
0.414799869060516357421875000000
1.661657691001892089843750000000
0.358095824718475341796875000000
1.196605324745178222656250000000
0.506546616554260253906250000000
0.540562808513641357421875000000
0.690230906009674072265625000000
0.358108133077621459960937500000
1.702986478805541992187500000000
0.459061682224273681640625000000
0.245238944888114929199218750000
1.161156654357910156250000000000
0.559196054935455322265625000000
0.515733063220977783203125000000
1.099700450897216796875000000000
0.097583137452602386474609375000
0.775292575359344482421875000000
0.758860051631927490234375000000
1.860212445259094238281250000000
0.552760541439056396484375000000
0.689225494861602783203125000000
0.490342259407043457031250000000
0.455069839954376220703125000000
0.099397510290145874023437500000
0.652058005332946777343750000000
1.104059100151062011718750000000
0.462174296379089355468750000000
0.239169493317604064941406250000
0.192482650279998779296875000000
0.161552608013153076171875000000
1.326264023780822753906250000000
0.188078969717025756835937500000
0.418111056089401245117187500000
0.890358567237854003906250000000
0.724477767944335937500000000000
0.191487163305282592773437500000
0.092007495462894439697265625000
0.241528972983360290527343750000
0.710353672504425048828125000000
0.906101465225219726562500000000
0.798747539520263671875000000000
0.150614827871322631835937500000
0.252868950366973876953125000000
0.586548089981079101562500000000
0.598252832889556884765625000000
1.051157236099243164062500000000
0.899076044559478759765625000000
0.048117022961378097534179687500
0.776191413402557373046875000000
0.158233851194381713867187500000
1.267283678054809570312500000000
0.258925557136535644531250000000
0.479383438825607299804687500000
0.602316558361053466796875000000
0.924945294857025146484375000000
1.541098475456237792968750000000
0.011251994408667087554931640625
0.700622260570526123046875000000
1.076815128326416015625000000000
0.069379486143589019775390625000
0.458726376295089721679687500000
0.770592749118804931640625000000
0.049977853894233703613281250000
0.878828465938568115234375000000
0.188472196459770202636718750000
0.303867399692535400390625000000
0.033321414142847061157226562500
0.585874438285827636718750000000
1.069812059402465820312500000000
0.113861732184886932373046875000
0.464103519916534423828125000000
0.271166115999221801757812500000
0.354229301214218139648437500000
0.070292294025421142578125000000
0.728300571441650390625000000000
0.787133872509002685546875000000
0.236885368824005126953125000000
1.520291686058044433593750000000
0.507128596305847167968750000000
1.170549511909484863281250000000
1.769620060920715332031250000000
1.156878948211669921875000000000
0.989764571189880371093750000000
0.047804880887269973754882812500
0.192086845636367797851562500000
0.215857148170471191406250000000
0.577317476272583007812500000000
0.042959779500961303710937500000
0.415892213582992553710937500000
0.187173366546630859375000000000
1.117255687713623046875000000000
0.371693789958953857421875000000
0.926749169826507568359375000000
0.036108117550611495971679687500
0.447160094976425170898437500000
1.524080991744995117187500000000
0.012574973516166210174560546875
0.198539674282073974609375000000
1.257572770118713378906250000000
0.907120525836944580078125000000
0.985332489013671875000000000000
0.248883306980133056640625000000
0.285152822732925415039062500000
0.411519467830657958984375000000
1.745528936386108398437500000000
0.768056392669677734375000000000
0.506747901439666748046875000000
0.495102047920227050781250000000
0.108810596168041229248046875000
0.575569629669189453125000000000
0.486249268054962158203125000000
0.261344760656356811523437500000
0.034524455666542053222656250000
0.017867010086774826049804687500
0.010078558698296546936035156250
0.231726408004760742187500000000
0.218425422906875610351562500000
0.085930906236171722412109375000
1.736281037330627441406250000000
0.401339083909988403320312500000
0.251417696475982666015625000000
0.772999763488769531250000000000
0.082390762865543365478515625000
0.152893334627151489257812500000
0.167053535580635070800781250000
1.024581551551818847656250000000
0.253245055675506591796875000000
0.097549699246883392333984375000
0.112094365060329437255859375000
0.322261780500411987304687500000
1.080589890480041503906250000000
0.788632869720458984375000000000
1.140345215797424316406250000000
0.304441034793853759765625000000
1.632572293281555175781250000000
1.723636865615844726562500000000
1.029150605201721191406250000000
0.407916635274887084960937500000
1.720882058143615722656250000000
0.991505622863769531250000000000
0.337874263525009155273437500000
0.127598464488983154296875000000
1.719475269317626953125000000000
0.416145056486129760742187500000
0.058979470282793045043945312500
0.005957136861979961395263671875
1.430534482002258300781250000000
0.316288709640502929687500000000
0.472776919603347778320312500000
0.219286024570465087890625000000
0.771206319332122802734375000000
0.337723314762115478515625000000
0.522618174552917480468750000000
0.758601725101470947265625000000
0.175343230366706848144531250000
0.045398533344268798828125000000
0.348866850137710571289062500000
0.205253064632415771484375000000
0.199037805199623107910156250000
0.441741794347763061523437500000
0.092339739203453063964843750000
0.026038542389869689941406250000
0.097058407962322235107421875000
0.063346073031425476074218750000
0.108669616281986236572265625000
1.034018516540527343750000000000
0.034533519297838211059570312500
0.846759259700775146484375000000
0.352109014987945556640625000000
0.088151231408119201660156250000
0.014875551685690879821777343750
1.176965951919555664062500000000
0.262562453746795654296875000000
0.237600684165954589843750000000
0.358804553747177124023437500000
1.635748744010925292968750000000
0.767280697822570800781250000000
0.002104959683492779731750488281
1.192270755767822265625000000000
1.304144859313964843750000000000
0.098484426736831665039062500000
1.122776508331298828125000000000
0.154540538787841796875000000000
0.296053558588027954101562500000
1.219508290290832519531250000000
0.337772995233535766601562500000
0.078622512519359588623046875000
1.681894183158874511718750000000
1.671612262725830078125000000000
0.571013450622558593750000000000
0.678515493869781494140625000000
0.038818880915641784667968750000
1.677735209465026855468750000000
0.571975171566009521484375000000
0.462741643190383911132812500000
0.878967523574829101562500000000
0.218199104070663452148437500000
0.102637782692909240722656250000
0.621889173984527587890625000000
0.017597677186131477355957031250
0.024572290480136871337890625000
0.841839432716369628906250000000
0.028941104188561439514160156250
0.843779027462005615234375000000
0.154838263988494873046875000000
0.193027749657630920410156250000
0.553218185901641845703125000000
0.394989967346191406250000000000
0.105777412652969360351562500000
0.510227799415588378906250000000
0.064740955829620361328125000000
0.717795670032501220703125000000
1.651332020759582519531250000000
0.743606984615325927734375000000
0.444530546665191650390625000000
0.016655869781970977783203125000
0.473378777503967285156250000000
0.007908103987574577331542968750
1.646241307258605957031250000000
0.431135922670364379882812500000
0.164655715227127075195312500000
1.299520015716552734375000000000
0.271920204162597656250000000000
0.135350927710533142089843750000
0.165022373199462890625000000000
1.644355893135070800781250000000
0.249489873647689819335937500000
0.229179248213768005371093750000
1.639521002769470214843750000000
0.362127989530563354492187500000
1.200806140899658203125000000000
0.432105004787445068359375000000
0.593938648700714111328125000000
0.159949168562889099121093750000
0.795202434062957763671875000000
0.193984925746917724609375000000
0.905515789985656738281250000000
0.005217627156525850296020507812
0.251845717430114746093750000000
0.997758984565734863281250000000
1.631014227867126464843750000000
0.443205505609512329101562500000
1.015648245811462402343750000000
1.188845157623291015625000000000
0.295923352241516113281250000000
0.246718227863311767578125000000
1.625820159912109375000000000000
0.080642178654670715332031250000
1.258218288421630859375000000000
0.388227403163909912109375000000
0.871471047401428222656250000000
0.030241500586271286010742187500
0.296255737543106079101562500000
0.628169953823089599609375000000
0.083397693932056427001953125000
0.145229518413543701171875000000
1.152528643608093261718750000000
0.342484891414642333984375000000
0.688524484634399414062500000000
1.620670676231384277343750000000
0.928114473819732666015625000000
0.078095614910125732421875000000
0.231471702456474304199218750000
1.610834002494812011718750000000
0.581604540348052978515625000000
0.068785481154918670654296875000
0.002880797488614916801452636719
0.187364444136619567871093750000
0.167436584830284118652343750000
0.181450709700584411621093750000
0.140016153454780578613281250000
0.697443425655364990234375000000
0.443628311157226562500000000000
0.971662044525146484375000000000
1.603271126747131347656250000000
0.010153111070394515991210937500
0.050959520041942596435546875000
0.202765882015228271484375000000
0.091006822884082794189453125000
0.199357464909553527832031250000
0.376280695199966430664062500000
0.206932246685028076171875000000
0.031851347535848617553710937500
0.218233466148376464843750000000
0.661610126495361328125000000000
0.384242266416549682617187500000
0.434854835271835327148437500000
0.598107755184173583984375000000
1.580793023109436035156250000000
0.134062990546226501464843750000
0.139332905411720275878906250000
0.051818903535604476928710937500
0.188757359981536865234375000000
0.198440819978713989257812500000
0.327216535806655883789062500000
0.290694683790206909179687500000
0.020357623696327209472656250000
0.211528450250625610351562500000
1.003987908363342285156250000000
0.024661343544721603393554687500
0.708110213279724121093750000000
0.139454454183578491210937500000
0.178973913192749023437500000000
0.314165860414505004882812500000
1.562931895256042480468750000000
1.562931895256042480468750000000
0.523683249950408935546875000000
0.237553924322128295898437500000
0.005783559288829565048217773438
0.349203139543533325195312500000
0.828271687030792236328125000000
0.489360183477401733398437500000
0.266983926296234130859375000000
0.106703378260135650634765625000
0.298649966716766357421875000000
1.550062060356140136718750000000
0.711632370948791503906250000000
0.949677109718322753906250000000
0.624855816364288330078125000000
1.546413660049438476562500000000
0.335700213909149169921875000000
1.545177698135375976562500000000
0.210122287273406982421875000000
0.894365429878234863281250000000
0.373680680990219116210937500000
0.159248813986778259277343750000
0.066753327846527099609375000000
0.284461885690689086914062500000
0.287107288837432861328125000000
1.509648203849792480468750000000
0.238212063908576965332031250000
1.221013665199279785156250000000
0.115538604557514190673828125000
0.271455943584442138671875000000
0.492364019155502319335937500000
0.725770056247711181640625000000
0.688266873359680175781250000000
0.629473507404327392578125000000
0.157454550266265869140625000000
1.281701326370239257812500000000
0.834473013877868652343750000000
0.616054832935333251953125000000
0.282231599092483520507812500000
0.221825778484344482421875000000
0.645563960075378417968750000000
0.865616559982299804687500000000
0.338883966207504272460937500000
0.454141527414321899414062500000
1.511583328247070312500000000000
0.720363855361938476562500000000
0.504715681076049804687500000000
1.487660527229309082031250000000
0.026320058852434158325195312500
1.064453363418579101562500000000
0.090166054666042327880859375000
0.023837579414248466491699218750
0.930806875228881835937500000000
0.125681310892105102539062500000
0.432518273591995239257812500000
0.825195491313934326171875000000
0.309839695692062377929687500000
0.198494866490364074707031250000
0.027639338746666908264160156250
0.524621725082397460937500000000
0.654732584953308105468750000000
1.504125833511352539062500000000
0.412820279598236083984375000000
0.151356801390647888183593750000
0.545087039470672607421875000000
0.643731653690338134765625000000
0.170667126774787902832031250000
1.480502963066101074218750000000
1.037434577941894531250000000000
0.367963314056396484375000000000
0.252761721611022949218750000000
0.285970896482467651367187500000
0.696579754352569580078125000000
0.842219948768615722656250000000
0.101699531078338623046875000000
0.678855359554290771484375000000
0.684320449829101562500000000000
1.483655929565429687500000000000
0.149930626153945922851562500000
0.083379358053207397460937500000
1.132168173789978027343750000000
0.015266084112226963043212890625
0.591229319572448730468750000000
0.069568865001201629638671875000
0.271971076726913452148437500000
0.110146738588809967041015625000
0.881398081779479980468750000000
0.648365616798400878906250000000
0.869628071784973144531250000000
1.346881508827209472656250000000
1.283554434776306152343750000000
0.123475693166255950927734375000
0.753901958465576171875000000000
1.474537491798400878906250000000
0.249053731560707092285156250000
0.060664832592010498046875000000
0.170703217387199401855468750000
1.470097303390502929687500000000
0.168106690049171447753906250000
1.467016100883483886718750000000
0.172157213091850280761718750000
0.203256025910377502441406250000
0.337905108928680419921875000000
0.835242927074432373046875000000
0.298388779163360595703125000000
1.461636662483215332031250000000
0.758245468139648437500000000000
0.624756991863250732421875000000
0.330791682004928588867187500000
0.541176974773406982421875000000
0.335885822772979736328125000000
1.122794747352600097656250000000
0.071465566754341125488281250000
0.140786290168762207031250000000
0.224490121006965637207031250000
0.209474727511405944824218750000
0.203582391142845153808593750000
0.002580981235951185226440429688
0.346877038478851318359375000000
0.056764528155326843261718750000
0.440304815769195556640625000000
1.441250920295715332031250000000
0.181428208947181701660156250000
0.451777160167694091796875000000
0.208867236971855163574218750000
0.127289623022079467773437500000
1.430166482925415039062500000000
0.008977413177490234375000000000
0.183343917131423950195312500000
0.259721040725708007812500000000
1.187777876853942871093750000000
0.571731090545654296875000000000
0.039635792374610900878906250000
0.095874652266502380371093750000
0.766690552234649658203125000000
0.058508988469839096069335937500
0.145725667476654052734375000000
1.420956373214721679687500000000
1.419759631156921386718750000000
1.256288766860961914062500000000
0.112319536507129669189453125000
0.319367319345474243164062500000
0.397796094417572021484375000000
0.300133794546127319335937500000
0.375378727912902832031250000000
0.058636412024497985839843750000
0.061614170670509338378906250000
0.480867743492126464843750000000
0.989713668823242187500000000000
0.426221787929534912109375000000
0.086970582604408264160156250000
0.419874221086502075195312500000
0.670186758041381835937500000000
1.396929621696472167968750000000
0.975547671318054199218750000000
1.396861553192138671875000000000
0.596354305744171142578125000000
0.525223076343536376953125000000
0.150249496102333068847656250000
0.275606632232666015625000000000
1.394982099533081054687500000000
1.394982099533081054687500000000
0.146689832210540771484375000000
0.383086770772933959960937500000
0.580254912376403808593750000000
1.391235113143920898437500000000
1.159817218780517578125000000000
0.700837135314941406250000000000
0.071185640990734100341796875000
1.385065913200378417968750000000
0.394215017557144165039062500000
0.233823433518409729003906250000
0.704770147800445556640625000000
0.977717876434326171875000000000
0.410142898559570312500000000000
0.153322666883468627929687500000
0.899713099002838134765625000000
1.381986737251281738281250000000
0.378434270620346069335937500000
0.626779437065124511718750000000
1.373757243156433105468750000000
0.125523909926414489746093750000
0.299592852592468261718750000000
1.372743368148803710937500000000
0.149699479341506958007812500000
0.028802430257201194763183593750
0.593019723892211914062500000000
0.196139380335807800292968750000
0.398593664169311523437500000000
1.368026018142700195312500000000
0.087789990007877349853515625000
0.296916037797927856445312500000
0.694998264312744140625000000000
1.365310072898864746093750000000
0.101817615330219268798828125000
0.231098860502243041992187500000
0.109334357082843780517578125000
1.247842192649841308593750000000
0.723589181900024414062500000000
0.044238891452550888061523437500
1.142261385917663574218750000000
0.240206256508827209472656250000
1.077574610710144042968750000000
0.472643166780471801757812500000
1.350596904754638671875000000000
0.045499589294195175170898437500
0.198591619729995727539062500000
0.158177062869071960449218750000
0.826048851013183593750000000000
0.781532943248748779296875000000
0.215169027447700500488281250000
0.725382864475250244140625000000
0.157481923699378967285156250000
1.326391935348510742187500000000
1.218339204788208007812500000000
0.983094573020935058593750000000
0.893281280994415283203125000000
1.340149879455566406250000000000
0.665753364562988281250000000000
0.124710820615291595458984375000
1.338987469673156738281250000000
0.275942116975784301757812500000
0.250532478094100952148437500000
0.035754479467868804931640625000
0.131942495703697204589843750000
0.089482381939888000488281250000
1.071424126625061035156250000000
0.217686191201210021972656250000
1.334186911582946777343750000000
1.015176534652709960937500000000
0.826312065124511718750000000000
0.958538830280303955078125000000
0.072516180574893951416015625000
1.333158969879150390625000000000
0.995856761932373046875000000000
1.328404188156127929687500000000
1.126304745674133300781250000000
1.019120097160339355468750000000
1.321576714515686035156250000000
0.470710843801498413085937500000
0.522164165973663330078125000000
0.187462225556373596191406250000
1.316707730293273925781250000000
0.776401758193969726562500000000
0.807366430759429931640625000000
1.314219951629638671875000000000
1.313880324363708496093750000000
1.123551726341247558593750000000
0.025785777717828750610351562500
0.076819762587547302246093750000
1.099441885948181152343750000000
0.765093147754669189453125000000
1.010752201080322265625000000000
0.824957728385925292968750000000
1.308206915855407714843750000000
0.141573250293731689453125000000
1.307961106300354003906250000000
0.713615655899047851562500000000
0.085685968399047851562500000000
0.287157356739044189453125000000
0.660373806953430175781250000000
0.334401488304138183593750000000
0.371568411588668823242187500000
0.045309990644454956054687500000
0.823071002960205078125000000000
0.299258291721343994140625000000
0.302447199821472167968750000000
0.426328748464584350585937500000
1.292954802513122558593750000000
1.292954802513122558593750000000
0.047079596668481826782226562500
0.119968779385089874267578125000
0.365223914384841918945312500000
0.726283550262451171875000000000
0.245330557227134704589843750000
0.159332901239395141601562500000
1.249277830123901367187500000000
0.356027692556381225585937500000
0.533615112304687500000000000000
0.192922934889793395996093750000
0.814958751201629638671875000000
0.520135581493377685546875000000
0.188692465424537658691406250000
0.624893486499786376953125000000
0.071678690612316131591796875000
0.742507815361022949218750000000
0.139742076396942138671875000000
0.457791984081268310546875000000
1.268303394317626953125000000000
1.221520066261291503906250000000
0.216907203197479248046875000000
0.718661129474639892578125000000
0.319072604179382324218750000000
1.017252802848815917968750000000
0.051816139370203018188476562500
1.265333414077758789062500000000
1.265039920806884765625000000000
1.265039920806884765625000000000
0.148531153798103332519531250000
0.211210682988166809082031250000
0.482869327068328857421875000000
0.626682281494140625000000000000
0.155809700489044189453125000000
1.261935710906982421875000000000
0.215522319078445434570312500000
0.507637917995452880859375000000
0.600453019142150878906250000000
0.086882531642913818359375000000
0.200152695178985595703125000000
0.644925594329833984375000000000
1.166126728057861328125000000000
0.057030193507671356201171875000
0.640435814857482910156250000000
0.924829125404357910156250000000
0.124052464962005615234375000000
1.251412868499755859375000000000
0.718853354454040527343750000000
1.057530760765075683593750000000
0.363258391618728637695312500000
1.249865412712097167968750000000
1.247115254402160644531250000000
0.134759172797203063964843750000
0.245172485709190368652343750000
1.246041178703308105468750000000
0.523731768131256103515625000000
0.013175264000892639160156250000
1.245460152626037597656250000000
0.454808652400970458984375000000
0.056354552507400512695312500000
1.243259310722351074218750000000
0.437242865562438964843750000000
0.217622727155685424804687500000
0.688700318336486816406250000000
0.258918672800064086914062500000
0.336867034435272216796875000000
1.162769317626953125000000000000
0.062611050903797149658203125000
0.132222414016723632812500000000
0.812425136566162109375000000000
0.063300512731075286865234375000
0.060134019702672958374023437500
0.050088208168745040893554687500
0.489957153797149658203125000000
0.798713445663452148437500000000
0.613829076290130615234375000000
1.231168508529663085937500000000
0.462538003921508789062500000000
0.133459851145744323730468750000
1.228755950927734375000000000000
0.001510357367806136608123779297
0.227872431278228759765625000000
0.021186271682381629943847656250
1.226435542106628417968750000000
1.226435542106628417968750000000
0.983226954936981201171875000000
0.504659414291381835937500000000
1.225929379463195800781250000000
1.225929379463195800781250000000
1.225711584091186523437500000000
0.219107583165168762207031250000
1.138299703598022460937500000000
0.297301232814788818359375000000
0.048873201012611389160156250000
0.137323498725891113281250000000
0.259483158588409423828125000000
0.063091196119785308837890625000
0.942405402660369873046875000000
0.132107481360435485839843750000
0.343916714191436767578125000000
0.741295695304870605468750000000
0.038246951997280120849609375000
0.452500760555267333984375000000
0.551740467548370361328125000000
1.007921576499938964843750000000
1.215106129646301269531250000000
0.177114814519882202148437500000
0.033227037638425827026367187500
0.776535093784332275390625000000
0.729740619659423828125000000000
0.896236836910247802734375000000
1.209478616714477539062500000000
0.095438167452812194824218750000
0.655612945556640625000000000000
0.091438077390193939208984375000
0.480416864156723022460937500000
0.162355288863182067871093750000
0.021967653185129165649414062500
0.196000516414642333984375000000
0.385177731513977050781250000000
0.465661555528640747070312500000
1.119379520416259765625000000000
1.003569841384887695312500000000
1.067203044891357421875000000000
0.256745576858520507812500000000
0.066925682127475738525390625000
0.621452569961547851562500000000
0.161873131990432739257812500000
1.202438831329345703125000000000
0.036493763327598571777343750000
0.386634975671768188476562500000
0.767826676368713378906250000000
0.098462045192718505859375000000
1.198130249977111816406250000000
0.715126395225524902343750000000
0.821047723293304443359375000000
1.197990894317626953125000000000
1.197123646736145019531250000000
1.197123646736145019531250000000
1.196355581283569335937500000000
0.441189676523208618164062500000
0.346716731786727905273437500000
0.287639915943145751953125000000
0.139591142535209655761718750000
0.437452286481857299804687500000
0.025235595181584358215332031250
0.212670013308525085449218750000
0.117674224078655242919921875000
0.894691646099090576171875000000
0.874189972877502441406250000000
0.596372067928314208984375000000
0.867103159427642822265625000000
0.839477121829986572265625000000
0.016627684235572814941406250000
0.101344294846057891845703125000
0.153556481003761291503906250000
0.256148070096969604492187500000
0.092634052038192749023437500000
0.560613274574279785156250000000
0.374083578586578369140625000000
0.037030346691608428955078125000
0.174087926745414733886718750000
0.010383739136159420013427734375
0.198922723531723022460937500000
0.488950312137603759765625000000
1.068555593490600585937500000000
0.309743553400039672851562500000
0.048952486366033554077148437500
0.761771440505981445312500000000
0.737157106399536132812500000000
1.173221111297607421875000000000
0.144367471337318420410156250000
0.709207892417907714843750000000
0.791042864322662353515625000000
0.273451238870620727539062500000
0.403096348047256469726562500000
0.439682006835937500000000000000
0.753139078617095947265625000000
0.533023059368133544921875000000
0.552939236164093017578125000000
0.317586600780487060546875000000
1.015660643577575683593750000000
0.467818796634674072265625000000
0.612377941608428955078125000000
0.859060823917388916015625000000
0.567872762680053710937500000000
0.493584573268890380859375000000
0.171090662479400634765625000000
0.867296993732452392578125000000
0.031593225896358489990234375000
0.396174609661102294921875000000
1.162686824798583984375000000000
0.160489693284034729003906250000
0.039863251149654388427734375000
1.158076643943786621093750000000
1.149618506431579589843750000000
1.149618506431579589843750000000
0.021751722320914268493652343750
0.536492049694061279296875000000
0.046003568917512893676757812500
0.430044114589691162109375000000
0.064583547413349151611328125000
0.538386225700378417968750000000
0.754819810390472412109375000000
0.354432374238967895507812500000
0.998190402984619140625000000000
0.692281603813171386718750000000
1.131618261337280273437500000000
0.697476863861083984375000000000
0.158667340874671936035156250000
0.736979901790618896484375000000
1.009768605232238769531250000000
0.279023170471191406250000000000
0.796216189861297607421875000000
1.127981781959533691406250000000
0.250881731510162353515625000000
0.105869799852371215820312500000
0.136858716607093811035156250000
0.216181799769401550292968750000
0.308425158262252807617187500000
0.910503089427947998046875000000
0.708265006542205810546875000000
0.200948730111122131347656250000
0.237278148531913757324218750000
1.045529127120971679687500000000
0.015045613050460815429687500000
0.536887705326080322265625000000
0.139703407883644104003906250000
0.147294700145721435546875000000
0.073728106915950775146484375000
0.233213648200035095214843750000
0.752526342868804931640625000000
0.114083655178546905517578125000
0.482623428106307983398437500000
0.461871981620788574218750000000
0.680250763893127441406250000000
0.790558397769927978515625000000
0.567062914371490478515625000000
0.263773977756500244140625000000
0.500666499137878417968750000000
0.786774933338165283203125000000
0.123949535191059112548828125000
1.025291085243225097656250000000
0.953439474105834960937500000000
0.898188233375549316406250000000
0.268295288085937500000000000000
1.107515335083007812500000000000
0.275968223810195922851562500000
0.572353422641754150390625000000
0.437561005353927612304687500000
1.105760455131530761718750000000
0.780663669109344482421875000000
0.010382321663200855255126953125
0.476841777563095092773437500000
0.239023402333259582519531250000
0.540788352489471435546875000000
0.133412867784500122070312500000
0.274312973022460937500000000000
0.330277502536773681640625000000
0.265402525663375854492187500000
1.094972729682922363281250000000
0.886954247951507568359375000000
0.114496923983097076416015625000
0.848245143890380859375000000000
0.083790995180606842041015625000
0.253341764211654663085937500000
0.471806645393371582031250000000
0.986469864845275878906250000000
0.015687584877014160156250000000
1.086990952491760253906250000000
0.956843197345733642578125000000
0.472685962915420532226562500000
0.200665369629859924316406250000
0.882499396800994873046875000000
1.079564452171325683593750000000
0.227661445736885070800781250000
1.077109932899475097656250000000
0.152913659811019897460937500000
0.204766511917114257812500000000
0.411723881959915161132812500000
0.532896459102630615234375000000
0.262687891721725463867187500000
0.438574731349945068359375000000
0.950053930282592773437500000000
0.050038158893585205078125000000
1.069233059883117675781250000000
1.069233059883117675781250000000
0.374680817127227783203125000000
0.039757870137691497802734375000
0.692050337791442871093750000000
0.086868166923522949218750000000
0.064114093780517578125000000000
0.961025714874267578125000000000
0.118189349770545959472656250000
0.178210511803627014160156250000
1.059351325035095214843750000000
0.048321247100830078125000000000
1.052368760108947753906250000000
0.099568091332912445068359375000
0.788546085357666015625000000000
0.558035850524902343750000000000
0.572053730487823486328125000000
0.001346714212559163570404052734
1.050647139549255371093750000000
0.468672871589660644531250000000
0.401804566383361816406250000000
0.149507761001586914062500000000
0.383978784084320068359375000000
0.086387246847152709960937500000
0.551000475883483886718750000000
0.365124046802520751953125000000
0.706056952476501464843750000000
0.146944165229797363281250000000
1.045121312141418457031250000000
0.065297730267047882080078125000
0.043171636760234832763671875000
0.182922631502151489257812500000
0.544790863990783691406250000000
1.042897343635559082031250000000
0.286369949579238891601562500000
0.155979603528976440429687500000
1.038338065147399902343750000000
0.559520184993743896484375000000
0.788405239582061767578125000000
1.037990927696228027343750000000
0.449439287185668945312500000000
0.813086450099945068359375000000
0.299115985631942749023437500000
0.037812754511833190917968750000
0.259839773178100585937500000000
0.079592049121856689453125000000
0.554069399833679199218750000000
0.511745691299438476562500000000
1.028097629547119140625000000000
1.028097629547119140625000000000
0.374903947114944458007812500000
0.648477137088775634765625000000
0.280454039573669433593750000000
0.497139126062393188476562500000
0.765822768211364746093750000000
0.896044194698333740234375000000
0.881676375865936279296875000000
0.451942980289459228515625000000
1.012633681297302246093750000000
0.326056599617004394531250000000
1.011029601097106933593750000000
0.102076984941959381103515625000
0.824563324451446533203125000000
1.009852290153503417968750000000
0.187989488244056701660156250000
0.148981019854545593261718750000
0.550657689571380615234375000000
0.439875125885009765625000000000
0.216011762619018554687500000000
0.271922349929809570312500000000
0.492915987968444824218750000000
0.221141159534454345703125000000
0.124881260097026824951171875000
0.221402585506439208984375000000
0.082870125770568847656250000000
1.002196907997131347656250000000
0.088119514286518096923828125000
0.032616849988698959350585937500
0.015572134405374526977539062500
0.863224983215332031250000000000
0.148157149553298950195312500000
0.128123030066490173339843750000
0.282957345247268676757812500000
0.717628061771392822265625000000
0.350875794887542724609375000000
0.999597609043121337890625000000
0.137462213635444641113281250000
0.248797237873077392578125000000
0.181964904069900512695312500000
0.147265613079071044921875000000
0.330144286155700683593750000000
0.340598672628402709960937500000
0.992046773433685302734375000000
0.644100546836853027343750000000
0.366311937570571899414062500000
0.293890416622161865234375000000
0.989225804805755615234375000000
0.120328396558761596679687500000
0.634296000003814697265625000000
0.080477677285671234130859375000
0.448661267757415771484375000000
0.326167911291122436523437500000
0.652527391910552978515625000000
0.022682433947920799255371093750
0.801231563091278076171875000000
0.883723318576812744140625000000
0.073854990303516387939453125000
0.068364664912223815917968750000
0.194970771670341491699218750000
0.427301079034805297851562500000
0.979822933673858642578125000000
0.439350306987762451171875000000
0.978621542453765869140625000000
0.089207515120506286621093750000
0.380396932363510131835937500000
0.978141367435455322265625000000
0.363998442888259887695312500000
0.297530889511108398437500000000
0.168694674968719482421875000000
0.347345381975173950195312500000
0.259186655282974243164062500000
0.971934616565704345703125000000
0.143760934472084045410156250000
0.426751255989074707031250000000
0.969859659671783447265625000000
0.515941381454467773437500000000
0.225767165422439575195312500000
0.470510184764862060546875000000
0.968330085277557373046875000000
0.383543312549591064453125000000
0.239073410630226135253906250000
0.864015817642211914062500000000
0.390048801898956298828125000000
0.962693631649017333984375000000
0.038239572197198867797851562500
0.135079428553581237792968750000
0.962063610553741455078125000000
0.962063610553741455078125000000
0.574400305747985839843750000000
0.060979604721069335937500000000
0.957323253154754638671875000000
0.652398169040679931640625000000
0.952799856662750244140625000000
0.138620227575302124023437500000
0.062558107078075408935546875000
0.140673816204071044921875000000
0.041012555360794067382812500000
0.074238464236259460449218750000
0.101723261177539825439453125000
0.949386060237884521484375000000
0.428408741950988769531250000000
0.949313223361968994140625000000
0.164126291871070861816406250000
0.079848706722259521484375000000
0.946451246738433837890625000000
0.339578151702880859375000000000
0.603213191032409667968750000000
0.247766375541687011718750000000
0.938124001026153564453125000000
0.370645195245742797851562500000
0.558330774307250976562500000000
0.730684161186218261718750000000
0.631908118724822998046875000000
0.935956537723541259765625000000
0.354859411716461181640625000000
0.932146370410919189453125000000
0.190742358565330505371093750000
0.195944905281066894531250000000
0.345589071512222290039062500000
0.019034560769796371459960937500
0.672149479389190673828125000000
0.484517157077789306640625000000
0.930107176303863525390625000000
0.066078923642635345458984375000
0.072809509932994842529296875000
0.632154345512390136718750000000
0.437383621931076049804687500000
0.926436185836791992187500000000
0.399816691875457763671875000000
0.175493761897087097167968750000
0.085028015077114105224609375000
0.587145626544952392578125000000
0.814653813838958740234375000000
0.922786056995391845703125000000
0.528005421161651611328125000000
0.018098820000886917114257812500
0.556410670280456542968750000000
0.165662094950675964355468750000
0.407610118389129638671875000000
0.920873224735260009765625000000
0.136674359440803527832031250000
0.061923041939735412597656250000
0.023267563432455062866210937500
0.856192648410797119140625000000
0.779233932495117187500000000000
0.754339039325714111328125000000
0.913660526275634765625000000000
0.118571683764457702636718750000
0.912827193737030029296875000000
0.537268280982971191406250000000
0.096179589629173278808593750000
0.029688371345400810241699218750
0.785314977169036865234375000000
0.313374876976013183593750000000
0.368651658296585083007812500000
0.427923828363418579101562500000
0.101589538156986236572265625000
0.907634854316711425781250000000
0.492957472801208496093750000000
0.215669870376586914062500000000
0.008919686079025268554687500000
0.379968345165252685546875000000
0.903109014034271240234375000000
0.700887918472290039062500000000
0.239189371466636657714843750000
0.293908715248107910156250000000
0.324930816888809204101562500000
0.847955763339996337890625000000
0.046911396086215972900390625000
0.194662630558013916015625000000
0.261336207389831542968750000000
0.556587696075439453125000000000
0.283829361200332641601562500000
0.900039792060852050781250000000
0.870417714118957519531250000000
0.272526621818542480468750000000
0.313553571701049804687500000000
0.895443201065063476562500000000
0.233346521854400634765625000000
0.889886379241943359375000000000
0.310714513063430786132812500000
0.035496797412633895874023437500
0.538726150989532470703125000000
0.056654904037714004516601562500
0.250842660665512084960937500000
0.188618659973144531250000000000
0.883775770664215087890625000000
0.152710169553756713867187500000
0.068808056414127349853515625000
0.118050500750541687011718750000
0.515478610992431640625000000000
0.879254639148712158203125000000
0.768504738807678222656250000000
0.878994464874267578125000000000
0.725452244281768798828125000000
0.555910646915435791015625000000
0.252224564552307128906250000000
0.874661922454833984375000000000
0.035156641155481338500976562500
0.872581243515014648437500000000
0.871415555477142333984375000000
0.186046585440635681152343750000
0.023039102554321289062500000000
0.870907127857208251953125000000
0.138486623764038085937500000000
0.869113683700561523437500000000
0.867886424064636230468750000000
0.867886424064636230468750000000
0.432926088571548461914062500000
0.135913565754890441894531250000
0.666942775249481201171875000000
0.864028453826904296875000000000
0.860595345497131347656250000000
0.860595345497131347656250000000
0.750818371772766113281250000000
0.534718930721282958984375000000
0.858100295066833496093750000000
0.181456178426742553710937500000
0.303905844688415527343750000000
0.717461168766021728515625000000
0.856900930404663085937500000000
0.754161179065704345703125000000
0.521218895912170410156250000000
0.001633743406273424625396728516
0.750230193138122558593750000000
0.856743335723876953125000000000
0.069617249071598052978515625000
0.251135647296905517578125000000
0.322698414325714111328125000000
0.081372648477554321289062500000
0.616564512252807617187500000000
0.464741408824920654296875000000
0.852710545063018798828125000000
0.344751805067062377929687500000
0.852299094200134277343750000000
0.124453403055667877197265625000
0.852058231830596923828125000000
0.596352159976959228515625000000
0.851866126060485839843750000000
0.851866126060485839843750000000
0.849447548389434814453125000000
0.150083050131797790527343750000
0.521803379058837890625000000000
0.530617475509643554687500000000
0.023517610505223274230957031250
0.849286198616027832031250000000
0.318793207406997680664062500000
0.849224507808685302734375000000
0.251930534839630126953125000000
0.807083129882812500000000000000
0.739036321640014648437500000000
0.847662508487701416015625000000
0.841208636760711669921875000000
0.841208636760711669921875000000
0.493077903985977172851562500000
0.840833902359008789062500000000
0.163213670253753662109375000000
0.374490022659301757812500000000
0.058427851647138595581054687500
0.673715174198150634765625000000
0.372849702835083007812500000000
0.625790417194366455078125000000
0.829569876194000244140625000000
0.829569876194000244140625000000
0.708899497985839843750000000000
0.315861791372299194335937500000
0.715105950832366943359375000000
0.511700212955474853515625000000
0.823967516422271728515625000000
0.811844706535339355468750000000
0.624848604202270507812500000000
0.403935700654983520507812500000
0.409135907888412475585937500000
0.038523826748132705688476562500
0.816387295722961425781250000000
0.816387295722961425781250000000
0.109299510717391967773437500000
0.178568676114082336425781250000
0.099127799272537231445312500000
0.006524782162159681320190429688
0.430074363946914672851562500000
0.149095326662063598632812500000
0.317050427198410034179687500000
0.191216960549354553222656250000
0.199482902884483337402343750000
0.810537755489349365234375000000
0.455330401659011840820312500000
0.810455858707427978515625000000
0.246033474802970886230468750000
0.259201884269714355468750000000
0.236842438578605651855468750000
0.357858479022979736328125000000
0.350448518991470336914062500000
0.479102373123168945312500000000
0.068389244377613067626953125000
0.286270022392272949218750000000
0.441333204507827758789062500000
0.005917823407799005508422851562
0.799775719642639160156250000000
0.099991671741008758544921875000
0.145470425486564636230468750000
0.799336016178131103515625000000
0.091108977794647216796875000000
0.695601344108581542968750000000
0.493931353092193603515625000000
0.209660500288009643554687500000
0.433300793170928955078125000000
0.791220247745513916015625000000
0.007288327440619468688964843750
0.013254738412797451019287109375
0.786871969699859619140625000000
0.786871969699859619140625000000
0.142091244459152221679687500000
0.055364999920129776000976562500
0.600324869155883789062500000000
0.230193987488746643066406250000
0.783609151840209960937500000000
0.783609151840209960937500000000
0.106490157544612884521484375000
0.783303499221801757812500000000
0.205191254615783691406250000000
0.197347521781921386718750000000
0.503583788871765136718750000000
0.779471457004547119140625000000
0.295687049627304077148437500000
0.781076908111572265625000000000
0.780803978443145751953125000000
0.449347376823425292968750000000
0.780451178550720214843750000000
0.328861147165298461914062500000
0.780188024044036865234375000000
0.158857747912406921386718750000
0.658693969249725341796875000000
0.778922617435455322265625000000
0.004732885397970676422119140625
0.142469376325607299804687500000
0.365514516830444335937500000000
0.777248024940490722656250000000
0.777152001857757568359375000000
0.050263509154319763183593750000
0.774154782295227050781250000000
0.689114928245544433593750000000
0.180690497159957885742187500000
0.391023755073547363281250000000
0.059392929077148437500000000000
0.156671702861785888671875000000
0.250196546316146850585937500000
0.735558807849884033203125000000
0.000385805615223944187164306641
0.298968374729156494140625000000
0.761842727661132812500000000000
0.761842727661132812500000000000
0.739891767501831054687500000000
0.761213541030883789062500000000
0.755896449089050292968750000000
0.559377789497375488281250000000
0.160862177610397338867187500000
0.053821817040443420410156250000
0.753030300140380859375000000000
0.461642205715179443359375000000
0.282548874616622924804687500000
0.753004789352416992187500000000
0.751463770866394042968750000000
0.092632316052913665771484375000
0.075931116938591003417968750000
0.545360863208770751953125000000
0.047814607620239257812500000000
0.236578837037086486816406250000
0.137231096625328063964843750000
0.749260425567626953125000000000
0.607209742069244384765625000000
0.745122671127319335937500000000
0.743664741516113281250000000000
0.116809383034706115722656250000
0.448301136493682861328125000000
0.189343750476837158203125000000
0.663908779621124267578125000000
0.741115689277648925781250000000
0.740765452384948730468750000000
0.064741864800453186035156250000
0.001309006707742810249328613281
0.715131044387817382812500000000
0.190289616584777832031250000000
0.030492637306451797485351562500
0.008458012714982032775878906250
0.303893595933914184570312500000
0.734681010246276855468750000000
0.557601511478424072265625000000
0.734204113483428955078125000000
0.020182764157652854919433593750
0.731004714965820312500000000000
0.731004714965820312500000000000
0.123561784625053405761718750000
0.730627238750457763671875000000
0.525367498397827148437500000000
0.691598236560821533203125000000
0.136335685849189758300781250000
0.154665201902389526367187500000
0.378580570220947265625000000000
0.051498141139745712280273437500
0.727461338043212890625000000000
0.156984582543373107910156250000
0.018388170748949050903320312500
0.121262125670909881591796875000
0.076397649943828582763671875000
0.726888060569763183593750000000
0.726428747177124023437500000000
0.726428747177124023437500000000
0.023647133260965347290039062500
0.116563655436038970947265625000
0.721864163875579833984375000000
0.721864163875579833984375000000
0.189911887049674987792968750000
0.721784532070159912109375000000
0.721623539924621582031250000000
0.042127892374992370605468750000
0.720636546611785888671875000000
0.186821579933166503906250000000
0.267323523759841918945312500000
0.165536582469940185546875000000
0.716156661510467529296875000000
0.561809480190277099609375000000
0.715051770210266113281250000000
0.090007014572620391845703125000
0.182401254773139953613281250000
0.111720435321331024169921875000
0.238663345575332641601562500000
0.334925770759582519531250000000
0.384482622146606445312500000000
0.707804203033447265625000000000
0.441164225339889526367187500000
0.298794299364089965820312500000
0.706512272357940673828125000000
0.596147596836090087890625000000
0.294222623109817504882812500000
0.643259823322296142578125000000
0.702301800251007080078125000000
0.274382203817367553710937500000
0.609241068363189697265625000000
0.222618475556373596191406250000
0.226209729909896850585937500000
0.349019229412078857421875000000
0.547009766101837158203125000000
0.699784159660339355468750000000
0.150658845901489257812500000000
0.698814630508422851562500000000
0.697769820690155029296875000000
0.526651144027709960937500000000
0.695561885833740234375000000000
0.695561885833740234375000000000
0.694549977779388427734375000000
0.069875665009021759033203125000
0.367599040269851684570312500000
0.693799674510955810546875000000
0.692830443382263183593750000000
0.173624247312545776367187500000
0.083559557795524597167968750000
0.690828442573547363281250000000
0.059086993336677551269531250000
0.659717381000518798828125000000
0.166661515831947326660156250000
0.304149091243743896484375000000
0.234836623072624206542968750000
0.151919052004814147949218750000
0.279668271541595458984375000000
0.685478568077087402343750000000
0.054423801600933074951171875000
0.603470385074615478515625000000
0.132298111915588378906250000000
0.095513030886650085449218750000
0.676644206047058105468750000000
0.568102896213531494140625000000
0.676023721694946289062500000000
0.351872146129608154296875000000
0.255240082740783691406250000000
0.382906645536422729492187500000
0.673760533332824707031250000000
0.190868228673934936523437500000
0.670311152935028076171875000000
0.068067237734794616699218750000
0.014641152694821357727050781250
0.668198287487030029296875000000
0.664755225181579589843750000000
0.190615087747573852539062500000
0.664144039154052734375000000000
0.349264323711395263671875000000
0.359973847866058349609375000000
0.325991004705429077148437500000
0.100024372339248657226562500000
0.106374904513359069824218750000
0.661412477493286132812500000000
0.273489862680435180664062500000
0.355259150266647338867187500000
0.660049498081207275390625000000
0.658831059932708740234375000000
0.658831059932708740234375000000
0.474559873342514038085937500000
0.656923413276672363281250000000
0.136788412928581237792968750000
0.656539440155029296875000000000
0.008486893959343433380126953125
0.654498338699340820312500000000
0.653865337371826171875000000000
0.240539431571960449218750000000
0.062513925135135650634765625000
0.207112401723861694335937500000
0.652939260005950927734375000000
0.470425456762313842773437500000
0.104579083621501922607421875000
0.652166903018951416015625000000
0.035818219184875488281250000000
0.086987055838108062744140625000
0.648915946483612060546875000000
0.010430624708533287048339843750
0.604814648628234863281250000000
0.031382594257593154907226562500
0.305526822805404663085937500000
0.643999814987182617187500000000
0.085254110395908355712890625000
0.643596410751342773437500000000
0.098636187613010406494140625000
0.369272172451019287109375000000
0.112620681524276733398437500000
0.220599785447120666503906250000
0.068399623036384582519531250000
0.638435781002044677734375000000
0.107230983674526214599609375000
0.043520942330360412597656250000
0.635956168174743652343750000000
0.569722115993499755859375000000
0.635841310024261474609375000000
0.635841310024261474609375000000
0.161501303315162658691406250000
0.634867131710052490234375000000
0.633881330490112304687500000000
0.192399352788925170898437500000
0.591832339763641357421875000000
0.616061449050903320312500000000
0.631415486335754394531250000000
0.631415486335754394531250000000
0.628248274326324462890625000000
0.436407029628753662109375000000
0.010298052802681922912597656250
0.358016997575759887695312500000
0.022402184084057807922363281250
0.601858556270599365234375000000
0.134045571088790893554687500000
0.079602777957916259765625000000
0.625274419784545898437500000000
0.092216573655605316162109375000
0.625044167041778564453125000000
0.418578177690505981445312500000
0.011015042662620544433593750000
0.341329365968704223632812500000
0.290874004364013671875000000000
0.623791694641113281250000000000
0.185608506202697753906250000000
0.623091757297515869140625000000
0.309057980775833129882812500000
0.618628680706024169921875000000
0.297686219215393066406250000000
0.279452085494995117187500000000
0.617297768592834472656250000000
0.100084744393825531005859375000
0.105262264609336853027343750000
0.395070165395736694335937500000
0.516441464424133300781250000000
0.601921737194061279296875000000
0.132185116410255432128906250000
0.068704023957252502441406250000
0.614671885967254638671875000000
0.614671885967254638671875000000
0.324017792940139770507812500000
0.614525437355041503906250000000
0.613658666610717773437500000000
0.216434448957443237304687500000
0.612740695476531982421875000000
0.612740695476531982421875000000
0.104707978665828704833984375000
0.612185060977935791015625000000
0.270652920007705688476562500000
0.169379964470863342285156250000
0.041114058345556259155273437500
0.611054182052612304687500000000
0.259067624807357788085937500000
0.610917270183563232421875000000
0.201356306672096252441406250000
0.430555939674377441406250000000
0.000963069556746631860733032227
0.162652760744094848632812500000
0.271232783794403076171875000000
0.119749337434768676757812500000
0.175952196121215820312500000000
0.608012378215789794921875000000
0.270712941884994506835937500000
0.050986908376216888427734375000
0.607064962387084960937500000000
0.188920900225639343261718750000
0.604311645030975341796875000000
0.604311645030975341796875000000
0.521008551120758056640625000000
0.134378239512443542480468750000
0.010425757616758346557617187500
0.194385722279548645019531250000
0.272082120180130004882812500000
0.025968881323933601379394531250
0.404973387718200683593750000000
0.192392021417617797851562500000
0.065723352134227752685546875000
0.479514777660369873046875000000
0.311858505010604858398437500000
0.187086328864097595214843750000
0.373244374990463256835937500000
0.595335900783538818359375000000
0.592076480388641357421875000000
0.069954179227352142333984375000
0.579339087009429931640625000000
0.210027292370796203613281250000
0.059008587151765823364257812500
0.090532205998897552490234375000
0.585216045379638671875000000000
0.585216045379638671875000000000
0.584785878658294677734375000000
0.118927098810672760009765625000
0.583981871604919433593750000000
0.173171192407608032226562500000
0.583842873573303222656250000000
0.583842873573303222656250000000
0.361695140600204467773437500000
0.583622395992279052734375000000
0.307150423526763916015625000000
0.069579474627971649169921875000
0.321956574916839599609375000000
0.581888794898986816406250000000
0.102222882211208343505859375000
0.580549061298370361328125000000
0.527217209339141845703125000000
0.148521244525909423828125000000
0.506662845611572265625000000000
0.578637957572937011718750000000
0.336992263793945312500000000000
0.230397284030914306640625000000
0.015017404220998287200927734375
0.573133587837219238281250000000
0.364176899194717407226562500000
0.292567074298858642578125000000
0.161114215850830078125000000000
0.289776712656021118164062500000
0.568821966648101806640625000000
0.055211313068866729736328125000
0.567730247974395751953125000000
0.567730247974395751953125000000
0.233333840966224670410156250000
0.423089921474456787109375000000
0.064866252243518829345703125000
0.134646475315093994140625000000
0.177251234650611877441406250000
0.471539467573165893554687500000
0.020213769748806953430175781250
0.563734769821166992187500000000
0.563502967357635498046875000000
0.115512788295745849609375000000
0.561401486396789550781250000000
0.561401486396789550781250000000
0.558173954486846923828125000000
0.558173954486846923828125000000
0.558116555213928222656250000000
0.114217013120651245117187500000
0.050362974405288696289062500000
0.020842943340539932250976562500
0.125111997127532958984375000000
0.512326121330261230468750000000
0.210152268409729003906250000000
0.555050969123840332031250000000
0.553261995315551757812500000000
0.553261995315551757812500000000
0.552243053913116455078125000000
0.552243053913116455078125000000
0.551394760608673095703125000000
0.175599485635757446289062500000
0.548891782760620117187500000000
0.548891782760620117187500000000
0.124489895999431610107421875000
0.548155069351196289062500000000
0.293878227472305297851562500000
0.021578066051006317138671875000
0.547251999378204345703125000000
0.547251999378204345703125000000
0.547196984291076660156250000000
0.225030496716499328613281250000
0.482641935348510742187500000000
0.546572566032409667968750000000
0.331307917833328247070312500000
0.545996725559234619140625000000
0.505508363246917724609375000000
0.240502297878265380859375000000
0.533021032810211181640625000000
0.544380307197570800781250000000
0.125513285398483276367187500000
0.115384571254253387451171875000
0.540471613407135009765625000000
0.312710672616958618164062500000
0.042948830872774124145507812500
0.539072573184967041015625000000
0.466969698667526245117187500000
0.537555634975433349609375000000
0.526424050331115722656250000000
0.535824537277221679687500000000
0.534895002841949462890625000000
0.000962341669946908950805664062
0.395581424236297607421875000000
0.190696001052856445312500000000
0.533814370632171630859375000000
0.533814370632171630859375000000
0.533210217952728271484375000000
0.533210217952728271484375000000
0.269082725048065185546875000000
0.360995560884475708007812500000
0.532583236694335937500000000000
0.209804072976112365722656250000
0.234350368380546569824218750000
0.532519519329071044921875000000
0.128591954708099365234375000000
0.531619608402252197265625000000
0.231183201074600219726562500000
0.530430495738983154296875000000
0.526282370090484619140625000000
0.038750808686017990112304687500
0.173736721277236938476562500000
0.327253431081771850585937500000
0.525864362716674804687500000000
0.525864362716674804687500000000
0.366715818643569946289062500000
0.525792419910430908203125000000
0.525043308734893798828125000000
0.150949478149414062500000000000
0.524665713310241699218750000000
0.524665713310241699218750000000
0.043766938149929046630859375000
0.313220649957656860351562500000
0.521448791027069091796875000000
0.434321433305740356445312500000
0.519914686679840087890625000000
0.519914686679840087890625000000
0.519750893115997314453125000000
0.519750893115997314453125000000
0.388093560934066772460937500000
0.517213046550750732421875000000
0.467325836420059204101562500000
0.516726553440093994140625000000
0.516663551330566406250000000000
0.516663551330566406250000000000
0.515735626220703125000000000000
0.515735626220703125000000000000
0.513537108898162841796875000000
0.083670370280742645263671875000
0.050484683364629745483398437500
0.512569189071655273437500000000
0.489437580108642578125000000000
0.512393474578857421875000000000
0.093130484223365783691406250000
0.355640560388565063476562500000
0.511162638664245605468750000000
0.511162638664245605468750000000
0.507958173751831054687500000000
0.120826832950115203857421875000
0.507477164268493652343750000000
0.507477164268493652343750000000
0.413907170295715332031250000000
0.072365075349807739257812500000
0.382150083780288696289062500000
0.236092865467071533203125000000
0.501872479915618896484375000000
0.011829444207251071929931640625
0.451362222433090209960937500000
0.004622654058039188385009765625
0.492813020944595336914062500000
0.492813020944595336914062500000
0.130711495876312255859375000000
0.492809087038040161132812500000
0.490381568670272827148437500000
0.359651833772659301757812500000
0.490042835474014282226562500000
0.490042835474014282226562500000
0.486314207315444946289062500000
0.489051550626754760742187500000
0.487531453371047973632812500000
0.487531453371047973632812500000
0.485388725996017456054687500000
0.210498839616775512695312500000
0.483091324567794799804687500000
0.483091324567794799804687500000
0.482272475957870483398437500000
0.395195454359054565429687500000
0.037897475063800811767578125000
0.479800134897232055664062500000
0.060817632824182510375976562500
0.478916496038436889648437500000
0.149323388934135437011718750000
0.478724211454391479492187500000
0.478430122137069702148437500000
0.478430122137069702148437500000
0.478355437517166137695312500000
0.473665088415145874023437500000
0.026299133896827697753906250000
0.289264321327209472656250000000
0.474139600992202758789062500000
0.474139600992202758789062500000
0.465858727693557739257812500000
0.346583634614944458007812500000
0.465763837099075317382812500000
0.277254521846771240234375000000
0.464820951223373413085937500000
0.464820951223373413085937500000
0.331702411174774169921875000000
0.437972933053970336914062500000
0.451588928699493408203125000000
0.120223820209503173828125000000
0.451294958591461181640625000000
0.451294958591461181640625000000
0.188435822725296020507812500000
0.450896799564361572265625000000
0.447990000247955322265625000000
0.447990000247955322265625000000
0.295095205307006835937500000000
0.446825146675109863281250000000
0.206149697303771972656250000000
0.095639057457447052001953125000
0.445522606372833251953125000000
0.109990000724792480468750000000
0.443899244070053100585937500000
0.286711305379867553710937500000
0.443558096885681152343750000000
0.443558096885681152343750000000
0.441902637481689453125000000000
0.441902637481689453125000000000
0.441481560468673706054687500000
0.441481560468673706054687500000
0.145277351140975952148437500000
0.151505023241043090820312500000
0.220997899770736694335937500000
0.436981141567230224609375000000
0.271003067493438720703125000000
0.199737712740898132324218750000
0.384699851274490356445312500000
0.214538931846618652343750000000
0.432091981172561645507812500000
0.432091981172561645507812500000
0.432059884071350097656250000000
0.248487994074821472167968750000
0.431168884038925170898437500000
0.431168884038925170898437500000
0.429866313934326171875000000000
0.269882559776306152343750000000
0.428135991096496582031250000000
0.095773279666900634765625000000
0.427918612957000732421875000000
0.427918612957000732421875000000
0.425267010927200317382812500000
0.091002523899078369140625000000
0.423664897680282592773437500000
0.060626465827226638793945312500
0.422127634286880493164062500000
0.032623097300529479980468750000
0.266702234745025634765625000000
0.173756435513496398925781250000
0.001084995456039905548095703125
0.275875478982925415039062500000
0.418143749237060546875000000000
0.047751989215612411499023437500
0.418098777532577514648437500000
0.418098777532577514648437500000
0.138951092958450317382812500000
0.418007314205169677734375000000
0.417885035276412963867187500000
0.417885035276412963867187500000
0.417662650346755981445312500000
0.417662650346755981445312500000
0.138349398970603942871093750000
0.142845064401626586914062500000
0.411992937326431274414062500000
0.274501144886016845703125000000
0.410810589790344238281250000000
0.410810589790344238281250000000
0.410463362932205200195312500000
0.410463362932205200195312500000
0.148019284009933471679687500000
0.408962309360504150390625000000
0.408850401639938354492187500000
0.408850401639938354492187500000
0.408848136663436889648437500000
0.408848136663436889648437500000
0.122369743883609771728515625000
0.405867606401443481445312500000
0.002239241031929850578308105469
0.350414633750915527343750000000
0.403570026159286499023437500000
0.403570026159286499023437500000
0.355205118656158447265625000000
0.403027206659317016601562500000
0.397223740816116333007812500000
0.370273977518081665039062500000
0.376414090394973754882812500000
0.394726753234863281250000000000
0.136625051498413085937500000000
0.394601225852966308593750000000
0.389504492282867431640625000000
0.233362957835197448730468750000
0.071460120379924774169921875000
0.389204233884811401367187500000
0.260849177837371826171875000000
0.138270422816276550292968750000
0.387282252311706542968750000000
0.031783975660800933837890625000
0.166123956441879272460937500000
0.006579709239304065704345703125
0.382426708936691284179687500000
0.382426708936691284179687500000
0.380209416151046752929687500000
0.380209416151046752929687500000
0.379365921020507812500000000000
0.211797937750816345214843750000
0.312169820070266723632812500000
0.115105755627155303955078125000
0.377283871173858642578125000000
0.329023897647857666015625000000
0.376942068338394165039062500000
0.376942068338394165039062500000
0.283125907182693481445312500000
0.376250535249710083007812500000
0.355574697256088256835937500000
0.375794827938079833984375000000
0.249493062496185302734375000000
0.375586599111557006835937500000
0.375557690858840942382812500000
0.375557690858840942382812500000
0.374321490526199340820312500000
0.374321490526199340820312500000
0.374150782823562622070312500000
0.374150782823562622070312500000
0.305920392274856567382812500000
0.370391696691513061523437500000
0.367362707853317260742187500000
0.367362707853317260742187500000
0.352572172880172729492187500000
0.074100986123085021972656250000
0.016961274668574333190917968750
0.158825516700744628906250000000
0.169433891773223876953125000000
0.359436929225921630859375000000
0.357918441295623779296875000000
0.357918441295623779296875000000
0.357288777828216552734375000000
0.322212606668472290039062500000
0.355124294757843017578125000000
0.355124294757843017578125000000
0.352679014205932617187500000000
0.352679014205932617187500000000
0.352272748947143554687500000000
0.352272748947143554687500000000
0.000059441466873977333307266235
0.351112574338912963867187500000
0.351053118705749511718750000000
0.351053118705749511718750000000
0.350805014371871948242187500000
0.350805014371871948242187500000
0.349264442920684814453125000000
0.349264442920684814453125000000
0.220094680786132812500000000000
0.127726629376411437988281250000
0.347878634929656982421875000000
0.347878634929656982421875000000
0.346888810396194458007812500000
0.305806010961532592773437500000
0.345510423183441162109375000000
0.204988926649093627929687500000
0.213608756661415100097656250000
0.246923506259918212890625000000
0.341034501791000366210937500000
0.341034501791000366210937500000
0.340926438570022583007812500000
0.340926438570022583007812500000
0.338472515344619750976562500000
0.338472515344619750976562500000
0.337951928377151489257812500000
0.337951928377151489257812500000
0.055347759276628494262695312500
0.337685704231262207031250000000
0.054239802062511444091796875000
0.336953878402709960937500000000
0.299934506416320800781250000000
0.183449149131774902343750000000
0.207188785076141357421875000000
0.336224734783172607421875000000
0.335373014211654663085937500000
0.080317676067352294921875000000
0.334144055843353271484375000000
0.241398051381111145019531250000
0.018627312034368515014648437500
0.332917541265487670898437500000
0.111480817198753356933593750000
0.262553513050079345703125000000
0.061347108334302902221679687500
0.332117527723312377929687500000
0.021167768165469169616699218750
0.247534886002540588378906250000
0.329400718212127685546875000000
0.329400718212127685546875000000
0.328898459672927856445312500000
0.068264394998550415039062500000
0.327791899442672729492187500000
0.327791899442672729492187500000
0.079829663038253784179687500000
0.022119779139757156372070312500
0.326941937208175659179687500000
0.312083184719085693359375000000
0.326199829578399658203125000000
0.326199829578399658203125000000
0.036749098449945449829101562500
0.325579524040222167968750000000
0.204248368740081787109375000000
0.323616057634353637695312500000
0.323320776224136352539062500000
0.323320776224136352539062500000
0.322778910398483276367187500000
0.322778910398483276367187500000
0.322604209184646606445312500000
0.322604209184646606445312500000
0.213248968124389648437500000000
0.322166174650192260742187500000
0.318775355815887451171875000000
0.318775355815887451171875000000
0.316075682640075683593750000000
0.316075682640075683593750000000
0.315796881914138793945312500000
0.315796881914138793945312500000
0.315106064081192016601562500000
0.315106064081192016601562500000
0.018955631181597709655761718750
0.071185655891895294189453125000
0.314290136098861694335937500000
0.314290136098861694335937500000
0.312713414430618286132812500000
0.139861464500427246093750000000
0.310287714004516601562500000000
0.241142302751541137695312500000
0.309249520301818847656250000000
0.309249520301818847656250000000
0.307923257350921630859375000000
0.307923257350921630859375000000
0.061709046363830566406250000000
0.304900616407394409179687500000
0.304395347833633422851562500000
0.280915439128875732421875000000
0.304047226905822753906250000000
0.155971989035606384277343750000
0.078892305493354797363281250000
0.298168927431106567382812500000
0.217329248785972595214843750000
0.297682344913482666015625000000
0.297554790973663330078125000000
0.026980392634868621826171875000
0.295951396226882934570312500000
0.295951396226882934570312500000
0.086795896291732788085937500000
0.293427407741546630859375000000
0.120205774903297424316406250000
0.292213141918182373046875000000
0.292205542325973510742187500000
0.101295627653598785400390625000
0.154739663004875183105468750000
0.142115727066993713378906250000
0.103143148124217987060546875000
0.288937568664550781250000000000
0.288830459117889404296875000000
0.288830459117889404296875000000
0.285977900028228759765625000000
0.285977900028228759765625000000
0.133065387606620788574218750000
0.044448260217905044555664062500
0.283637940883636474609375000000
0.283637940883636474609375000000
0.113041117787361145019531250000
0.137952774763107299804687500000
0.282714217901229858398437500000
0.110417336225509643554687500000
0.282338023185729980468750000000
0.052460547536611557006835937500
0.279345870018005371093750000000
0.230535894632339477539062500000
0.279056400060653686523437500000
0.199022859334945678710937500000
0.278888702392578125000000000000
0.089107118546962738037109375000
0.010909140110015869140625000000
0.040716454386711120605468750000
0.274976253509521484375000000000
0.188698425889015197753906250000
0.274889945983886718750000000000
0.274889945983886718750000000000
0.274323314428329467773437500000
0.101989358663558959960937500000
0.274049341678619384765625000000
0.274049341678619384765625000000
0.091279692947864532470703125000
0.060091689229011535644531250000
0.029690133407711982727050781250
0.270574480295181274414062500000
0.270480513572692871093750000000
0.270480513572692871093750000000
0.145701527595520019531250000000
0.058182250708341598510742187500
0.266472905874252319335937500000
0.266472905874252319335937500000
0.263974994421005249023437500000
0.263974994421005249023437500000
0.263595223426818847656250000000
0.263595223426818847656250000000
0.263162374496459960937500000000
0.163444817066192626953125000000
0.259932160377502441406250000000
0.149663671851158142089843750000
0.257994502782821655273437500000
0.257994502782821655273437500000
0.257417023181915283203125000000
0.257976293563842773437500000000
0.255705296993255615234375000000
0.255705296993255615234375000000
0.255055487155914306640625000000
0.065620943903923034667968750000
0.252285391092300415039062500000
0.252285391092300415039062500000
0.249585047364234924316406250000
0.249585047364234924316406250000
0.247111409902572631835937500000
0.247111409902572631835937500000
0.243693679571151733398437500000
0.243693679571151733398437500000
0.243191793560981750488281250000
0.017960138618946075439453125000
0.243056148290634155273437500000
0.243056148290634155273437500000
0.241061985492706298828125000000
0.241061985492706298828125000000
0.178990900516510009765625000000
0.212878838181495666503906250000
0.053905062377452850341796875000
0.237729370594024658203125000000
0.090056695044040679931640625000
0.237211719155311584472656250000
0.236894518136978149414062500000
0.187170013785362243652343750000
0.229877606034278869628906250000
0.229877606034278869628906250000
0.228808254003524780273437500000
0.228808254003524780273437500000
0.176702827215194702148437500000
0.227760881185531616210937500000
0.227152168750762939453125000000
0.227152168750762939453125000000
0.222723200917243957519531250000
0.027326969429850578308105468750
0.063360147178173065185546875000
0.221985116600990295410156250000
0.221927389502525329589843750000
0.221927389502525329589843750000
0.221066087484359741210937500000
0.012193334288895130157470703125
0.219276756048202514648437500000
0.219276756048202514648437500000
0.219167664647102355957031250000
0.219167664647102355957031250000
0.022837679833173751831054687500
0.216706544160842895507812500000
0.215983346104621887207031250000
0.215983346104621887207031250000
0.215098142623901367187500000000
0.215098142623901367187500000000
0.014918997883796691894531250000
0.214688852429389953613281250000
0.209370195865631103515625000000
0.171729475259780883789062500000
0.208901897072792053222656250000
0.193753480911254882812500000000
0.206631615757942199707031250000
0.206631615757942199707031250000
0.206163972616195678710937500000
0.206163972616195678710937500000
0.033633220940828323364257812500
0.205228120088577270507812500000
0.204988822340965270996093750000
0.146226689219474792480468750000
0.203084811568260192871093750000
0.203084811568260192871093750000
0.202220454812049865722656250000
0.202220454812049865722656250000
0.199769824743270874023437500000
0.199769824743270874023437500000
0.198756173253059387207031250000
0.198756173253059387207031250000
0.197064355015754699707031250000
0.152651116251945495605468750000
0.196750462055206298828125000000
0.196750462055206298828125000000
0.196518018841743469238281250000
0.196518018841743469238281250000
0.027380663901567459106445312500
0.004954696167260408401489257812
0.193473756313323974609375000000
0.016568524762988090515136718750
0.193330258131027221679687500000
0.193330258131027221679687500000
0.000968354754149913787841796875
0.193286538124084472656250000000
0.115678310394287109375000000000
0.022384285926818847656250000000
0.192318171262741088867187500000
0.192318171262741088867187500000
0.191841185092926025390625000000
0.191841185092926025390625000000
0.087468206882476806640625000000
0.190910011529922485351562500000
0.047492899000644683837890625000
0.190639495849609375000000000000
0.190328031778335571289062500000
0.086962819099426269531250000000
0.189781576395034790039062500000
0.189781576395034790039062500000
0.078051581978797912597656250000
0.143670126795768737792968750000
0.189061865210533142089843750000
0.003261047881096601486206054688
0.010076999664306640625000000000
0.188509300351142883300781250000
0.185794517397880554199218750000
0.027647612616419792175292968750
0.129554510116577148437500000000
0.184110641479492187500000000000
0.184019550681114196777343750000
0.184019550681114196777343750000
0.183824241161346435546875000000
0.183824241161346435546875000000
0.183571934700012207031250000000
0.183571934700012207031250000000
0.011697538197040557861328125000
0.179490834474563598632812500000
0.178432330489158630371093750000
0.178432330489158630371093750000
0.177078977227210998535156250000
0.177078977227210998535156250000
0.176905259490013122558593750000
0.176905259490013122558593750000
0.172007486224174499511718750000
0.172007486224174499511718750000
0.171594917774200439453125000000
0.171594917774200439453125000000
0.170386880636215209960937500000
0.170386880636215209960937500000
0.168648630380630493164062500000
0.168648630380630493164062500000
0.167568147182464599609375000000
0.167568147182464599609375000000
0.166488260030746459960937500000
0.166488260030746459960937500000
0.163470447063446044921875000000
0.163470447063446044921875000000
0.163255304098129272460937500000
0.039466660469770431518554687500
0.162927344441413879394531250000
0.162927344441413879394531250000
0.064903765916824340820312500000
0.159983769059181213378906250000
0.159076705574989318847656250000
0.158957153558731079101562500000
0.158625066280364990234375000000
0.158625066280364990234375000000
0.158147022128105163574218750000
0.158147022128105163574218750000
0.157188013195991516113281250000
0.157188013195991516113281250000
0.154119402170181274414062500000
0.154119402170181274414062500000
0.153105914592742919921875000000
0.119857586920261383056640625000
0.152774259448051452636718750000
0.028140153735876083374023437500
0.151772439479827880859375000000
0.151772439479827880859375000000
0.151013016700744628906250000000
0.151013016700744628906250000000
0.150033041834831237792968750000
0.150033041834831237792968750000
0.149271667003631591796875000000
0.149271667003631591796875000000
0.148075386881828308105468750000
0.148075386881828308105468750000
0.142679184675216674804687500000
0.142679184675216674804687500000
0.140521496534347534179687500000
0.140521496534347534179687500000
0.139991909265518188476562500000
0.139991909265518188476562500000
0.123465843498706817626953125000
0.047843191772699356079101562500
0.075034648180007934570312500000
0.138631358742713928222656250000
0.137998089194297790527343750000
0.137998089194297790527343750000
0.001910121645778417587280273438
0.137912809848785400390625000000
0.137491911649703979492187500000
0.137491911649703979492187500000
0.123657807707786560058593750000
0.122648410499095916748046875000
0.130758464336395263671875000000
0.130758464336395263671875000000
0.074491381645202636718750000000
0.130729824304580688476562500000
0.129119470715522766113281250000
0.129119470715522766113281250000
0.129002928733825683593750000000
0.129002928733825683593750000000
0.090285226702690124511718750000
0.111681029200553894042968750000
0.124634109437465667724609375000
0.124634109437465667724609375000
0.124249845743179321289062500000
0.124249845743179321289062500000
0.020923115313053131103515625000
0.123893439769744873046875000000
0.123396515846252441406250000000
0.123396515846252441406250000000
0.123247414827346801757812500000
0.123247414827346801757812500000
0.123159490525722503662109375000
0.123159490525722503662109375000
0.120891012251377105712890625000
0.120891012251377105712890625000
0.120415814220905303955078125000
0.120415814220905303955078125000
0.119367666542530059814453125000
0.119367666542530059814453125000
0.119275115430355072021484375000
0.119275115430355072021484375000
0.118228778243064880371093750000
0.118228778243064880371093750000
0.111701615154743194580078125000
0.111701615154743194580078125000
0.111356109380722045898437500000
0.111356109380722045898437500000
0.110489763319492340087890625000
0.110489763319492340087890625000
0.110364697873592376708984375000
0.110364697873592376708984375000
0.110268540680408477783203125000
0.077864408493041992187500000000
0.108917146921157836914062500000
0.108917146921157836914062500000
0.108540125191211700439453125000
0.108540125191211700439453125000
0.108132213354110717773437500000
0.108132213354110717773437500000
0.103441886603832244873046875000
0.103441886603832244873046875000
0.103365287184715270996093750000
0.103365287184715270996093750000
0.103311665356159210205078125000
0.103311665356159210205078125000
0.102978408336639404296875000000
0.102978408336639404296875000000
0.102739736437797546386718750000
0.102739736437797546386718750000
0.086274378001689910888671875000
0.096268318593502044677734375000
0.101439990103244781494140625000
0.101439990103244781494140625000
0.099768467247486114501953125000
0.012717942707240581512451171875
0.099717579782009124755859375000
0.099717579782009124755859375000
0.095079980790615081787109375000
0.095079980790615081787109375000
0.094424985349178314208984375000
0.094424985349178314208984375000
0.010994226671755313873291015625
0.091012202203273773193359375000
0.089300945401191711425781250000
0.026177885010838508605957031250
0.087275676429271697998046875000
0.087275676429271697998046875000
0.019875198602676391601562500000
0.087076961994171142578125000000
0.087050534784793853759765625000
0.087050534784793853759765625000
0.086277753114700317382812500000
0.086277753114700317382812500000
0.085438944399356842041015625000
0.085438944399356842041015625000
0.084035627543926239013671875000
0.084035627543926239013671875000
0.083920598030090332031250000000
0.083920598030090332031250000000
0.063227757811546325683593750000
0.080033518373966217041015625000
0.080017969012260437011718750000
0.080017969012260437011718750000
0.079622380435466766357421875000
0.079622380435466766357421875000
0.077206939458847045898437500000
0.032628573477268218994140625000
0.077157646417617797851562500000
0.077157646417617797851562500000
0.077092856168746948242187500000
0.077092856168746948242187500000
0.073719732463359832763671875000
0.073719732463359832763671875000
0.070585906505584716796875000000
0.070585906505584716796875000000
0.022960903123021125793457031250
0.069993212819099426269531250000
0.069145426154136657714843750000
0.069145426154136657714843750000
0.066234067082405090332031250000
0.009426485747098922729492187500
0.064471311867237091064453125000
0.064471311867237091064453125000
0.063930675387382507324218750000
0.063930675387382507324218750000
0.062735565006732940673828125000
0.062735565006732940673828125000
0.060639336705207824707031250000
0.058699704706668853759765625000
0.056238431483507156372070312500
0.056238431483507156372070312500
0.055394683033227920532226562500
0.047947574406862258911132812500
0.054556164890527725219726562500
0.054556164890527725219726562500
0.051568355411291122436523437500
0.013479636982083320617675781250
0.051058072596788406372070312500
0.051058072596788406372070312500
0.049400612711906433105468750000
0.028497761115431785583496093750
0.047032326459884643554687500000
0.047032326459884643554687500000
0.046073447912931442260742187500
0.046073447912931442260742187500
0.045764405280351638793945312500
0.045764405280351638793945312500
0.044578377157449722290039062500
0.044578377157449722290039062500
0.043004605919122695922851562500
0.043004605919122695922851562500
0.041450835764408111572265625000
0.041450835764408111572265625000
0.039389483630657196044921875000
0.039389483630657196044921875000
0.036604590713977813720703125000
0.036620445549488067626953125000
0.035076145082712173461914062500
0.035076145082712173461914062500
0.032360535115003585815429687500
0.032360535115003585815429687500
0.030373858287930488586425781250
0.030373858287930488586425781250
0.016812762245535850524902343750
0.030080182477831840515136718750
0.026880975812673568725585937500
0.026880975812673568725585937500
0.026751371100544929504394531250
0.026751371100544929504394531250
0.022955738008022308349609375000
0.022955738008022308349609375000
0.020902853459119796752929687500
0.020902853459119796752929687500
0.018312603235244750976562500000
0.018312603235244750976562500000
0.017087325453758239746093750000
0.017087325453758239746093750000
0.016503904014825820922851562500
0.016503904014825820922851562500
0.015345106832683086395263671875
0.015345106832683086395263671875
0.015148445963859558105468750000
0.015148445963859558105468750000
0.014858714304864406585693359375
0.014858714304864406585693359375
0.014288172125816345214843750000
0.014288172125816345214843750000
0.013354291208088397979736328125
0.013354291208088397979736328125
0.013267420232295989990234375000
0.013267420232295989990234375000
0.012122680433094501495361328125
0.012122680433094501495361328125
0.008257273584604263305664062500
0.008257273584604263305664062500
0.007447101641446352005004882812
0.007447101641446352005004882812
0.006650835741311311721801757812
0.006650835741311311721801757812
0.000119552219985052943229675293
0.000119552219985052943229675293
0.000042424755520187318325042725
0.000042424755520187318325042725
